aspect,listing_id,score,text
清潔,1156312113078106422,-9.0,房間空間算大，不過房間跟浴室的照片跟實際空間有點落差，熱水器忽冷忽熱，且入住時打掃不到位，地上有殘留灰塵毛髮等髒東西，不過房東還算積極也願意處理，提前退住，希望將一些基本面東西處理好，會是不錯的房源
清潔,1357140500481878648,-9.0,體驗非常差，根本不適合入住<br/>訂了兩晚，第一天晚上12點回到民宿發現冷氣竟然是壞，而且非常骯髒佈滿灰塵<br/>洗手間亦是很骯髒，抽氣扇上有黴菌<br/>最離譜是打開衣櫃竟然是用過的毛巾和被鋪<br/>不難令我聯想床單被鋪是有換嗎？<br/>而且有一張床單亦有污跡，聯絡了房東沒有直接回應衛生程度問題一直說我們太遲
清潔,39623805,-6.0,好的部分有位置離台電大樓捷運站很近、浴室提供好的沐浴乳跟洗髮精、提供洗衣機跟洗衣精。<br/>不好的地方：<br/>一、位置不好找：入住前沒有教大家走去的地圖，只給地址，那附近很多小巷子，很容易迷路。<br/>二、整間屋子有怪味：住宿地方是老房子，房東沒有定期清掃環境，整間屋子都有一股臭味，混雜濕氣跟腐壞味，浴室也是很
清潔,996140822575146404,-6.0,"Everything was ok except the place was not clean. Very dusty, dirty and sheets smelled bad."
清潔,29641333,-5.0,超級物超所值的選擇，位處地鐵站附近出行非常方便，早出晚歸都能輕鬆找到活動和用餐地點。住所環境衛生滿意，設備都有消毒過，生活用品如同簡介一樣齊全。家具可能用久了能看出有點痕跡，但摸上去沒有骯髒的感覺，可能有人介意美觀但清潔程度幾乎沒問題。馬桶沖水比較慢，多按壓幾下等水回上來就好了。房東態度也很好，熱心解答各種問題，能彈性
清潔,42300382,-5.0,"The room was very small and poor value for money. It did not match the listing photos, the toilet was dirty upon arrival, and there was severe construction nois"
清潔,738322392665808067,-5.0,房東人不錯 👍🏻<br/>問的問題都會耐心回覆<br/>另外若有停車問題 建議提前跟房東詢問CP值高的停車場，因為附近不好停車。<br/>房間的裝潢與照片一致 ～<br/>但清潔的問題有發現幾點：<br/>馬桶髒污未清、冰箱還保留上個客人留的食物，因此躺在床上會擔憂清潔度的問題。
清潔,1222443815847606279,-5.0,"One of the worst places I have ever stayed at. Everything is either dirty, broken or old. Everything in the bathroom is rusty and dirty. The sofa is completely "
清潔,8323680,-4.0,This is a terrible deal. The place looks nothing like the picture and is quite dirty.<br/>Here’s a full list of what is wrong with that place:<br/>- dusty<br/>-
清潔,15141830,-4.0,Pros:<br/>- Studio place with a lot of amenities such as a Beamer<br/>- Owner quick to respond and resolve issues<br/>- Decent price for what you get in Taipei<
清潔,30960936,-4.0,雜物很多，進門都有困難，一開門還會撞到牆上鐵鍋掉下來，很多物品完全沒有往租客使用的價值，連行李箱也無法打開放下。房東一直說是個人收藏物品，但是完全沒有考慮到租客正常需要使用的空間範圍，感覺空間是房東的儲藏室雜物間，每個地方角落堆滿了雜物，很多灰塵，感覺很不舒服，並且房間內人像圖片很多，感覺復古過往人的信息能量殘留在空間
清潔,46927129,-4.0,1，來到住宿便聽到樓上施工的聲音(但屋主並沒有告知）<br/>2，第二天早上9點就被強烈的施工聲音吵醒 完全無法忍受<br/>有錄音檔證明(屋主卻說慌不是他的住處有施工 是別的地方，但經過查探其實是樓上在施工)<br/>3，因為實在無法忍受，提出了兩個方案 第一是退款 第二是叫施工的人11點才工作 最後屋主提供別的住處
清潔,599566144826569048,-4.0,看起來很復古，但實在太髒！浴巾臭味床單也很髒整體根本是廢墟😀
清潔,959142524465128196,-4.0,旅館在巷子裏面 超級多蚊<br/>睡覺的時候，被很多蚊子叮<br/>房間有異味 床褥不太乾淨 起床後全身都有紅點，洗澡的時候 冷熱水很極端 差點被灼傷<br/>嬰兒床超級髒 不敢使用 <br/>廁所電掣沒有保護，還將電風扇放在地下差點被電死！<br/>整間房子都很潮濕 感覺不好
清潔,1031775889614993351,-4.0,"The stay was a disaster to me. The worst I’ve ever experienced in Airbnb. <br/>The photos provided are edited to hide all the stains, dirt and roughness. The tr"
清潔,1404722155804161195,-4.0,"Dusty, dirty and noticeable smell.<br/>I think none clean up the flat before check in. Have some food scraps on the top of cabinet.<br/>The bathroom always has "
清潔,2263430,-3.0,*Worst Airbnb experience ever!!!* 這間Airbnb 質素真的令人非常非常非常失望！ 這次台北旅程，我們是三個媽媽和五個小孩，因為帶小孩來參加夏令營。所以這次居住在內湖的房子共15天，但我們對於這次預訂的房子有很多不滿意的地方。敬請你們能夠嚴格地檢驗這個房子的描述。 首先，這個房子描述有
清潔,2637590,-3.0,"Upon check in, there was an overpowering concentrated stench of chlorine which did not go away even after we returned from our night market. There is very poor "
清潔,7319733,-3.0,"地點十分方便，下樓就是捷運，到那裡都方便<br/>而且房東很好<br/>唯房子頗舊，大門怕它差點倒下<br/>浴室破舊，有灰塵及發霉地方<br/>臥室冷氣很髒, 導致房間空氣不好，鼻子一直過敏，令睡眠也不好<br/>要留意，這房間沒有冰箱的"
清潔,10448762,-3.0,The host was not very welcoming and impatient when we told her that we couldn't find the meeting place. We told her we were at the entrance of the building but 
清潔,11140660,-3.0,We didn't get the original apartment that we would like to stay.  Owner communicated to us that due to construction in the original property he suggested we mov
清潔,16297721,-3.0,"READ THIS!!!<br/>The room was totally not what it was described. It was so dirty, smelly and noisy. When I opened the door, the smell of mold run to me immediat"
清潔,23319845,-3.0,"Location is great for walking to restaurants and shops.  The room is clean but the way to get there isn’t.  Elevator is located in a very smelly, (probably) tra"
清潔,23361112,-3.0,綜合約1日的住房體驗（原本訂3日，因工作而取消後2日）<br/>1、雖有事先告知房源內有養貓，但實際上瀰漫在空間的味道比預想的還要重，且會讓人有些微不適，建議無法接受者千萬不要貪圖便宜入住<br/>2、房租確實是實惠的，若是有經濟狀況者確實可以考量。<br/>3、房內灰塵很多、雜物也多，桌面上的排插是插滿的，有安全疑慮
位置交通,17583027,-6.0,有什麼問題問房東都很迅速的回覆，房間該有的設備都有覺得方便，地點離捷運站很近，吃東西也方便，不過在鬧區隔音差了些，但不怕吵所以覺得ok 若下次有機會再來台北玩會再考慮來這裡住~
位置交通,1701140,-4.0,枕頭和床單上有頭髮，角落處有滿多灰塵，隔音很差，隔壁房客在吵架，半夜被吵醒兩三次...唯一的優點是地點很方便，價錢不貴，如果只是想找個地方睡一晚，還可以接受
位置交通,17928951,-4.0,跟想像中的差不多，房東回應迅速，地點離捷運及夜市很近，缺點是晚上有夜市的話比較吵雜一點，但窗戶關起來就會好很多。還有早上會有鴿子在窗戶上咕咕叫，見人見智囉：）
位置交通,30386138,-4.0,位置方便，房東回覆快，但沒餐具提供，雪櫃也沒有冰格，冷氣有點髒，坐的位置也不太夠
位置交通,1075838599755092866,-4.0,地點很方便，鄰近西門商圈卻不吵雜（唯獨有冷氣主機的噪音，關窗後不太明顯）。<br/>房東回覆快速，也很親切給予多要的備品。<br/>房間乾淨整潔明亮，備有付費洗衣機及烘衣機，價格也不高，整體而言非常划算。<br/>下次有來，還是會選擇這裡，讚
位置交通,1143538285603256264,-4.0,價格便宜，4人入住的話很划算。但房間隔音差，隔壁房間說話大聲一點或放音樂都會聽到，地理位置位於信義區，但不靠近捷運站。第一天的熱水爐沒有熱水，入住期間是冬天，很冷，但第二天就恢復正常。推薦4人旅行入住。
位置交通,1222442070522214406,-4.0,地點在西門町 交通便利。冷氣充足，水壓一般，房間隔音比較差但屋主有預備耳塞很貼心。全自助入住，房間比想像中細小，雖小但五臟俱全。
位置交通,1561829977066105785,-4.0,整體不錯，很乾淨，房東人很好，回覆很快，解釋很詳細，而且有問必答。就冷氣有一點點噪音，但能接受，位置感覺沒有很方便，離捷運站有一點遠個人覺得，採光比我想像中差，天氣好也是暗暗的
位置交通,1911361,-3.0,"Host was very nice, friendly and helpful, offering travel tips for Taipei. Even offered to buy us coffee, because we didn't inform arrival on the day and had to"
位置交通,8880657,-3.0,All was great!<br/>Host having know our early flight and made arrangements for us. I've to say that instructions were really clear. <br/>walkable from mrt with 
位置交通,9852663,-3.0,"Host was exceptionally friendly and gave us a warm welcome, never failing to answer any of our queries. He even suggested places and eateries to visit, giving u"
位置交通,15305332,-3.0,1.房源位置交通相當方便<br/>2.浴室門開關時候有噪音有點吵<br/>3.小冰箱壓縮機聲音超大聲半夜一直被嚇醒<br/>4.枕頭扎實稍微
位置交通,16235414,-3.0,"房東溝通良好,住過很多次了都沒失望,<br/>這間地理位置很便利,也不用爬樓梯 就在忠孝復興捷運站旁邊,根本不用擔心交通問題或位置難找 而且樓下就有超商<br/>過一條馬路就是SOGO百貨公司,房東跟我們說過去大安路一段商圈那邊非常多的小吃美食餐廳,也有美妝衣服可以逛逛<br/>而且都有附碗盤鍋子餐具可以買東西回來吃,"
位置交通,17032186,-3.0,位置近捷運，可能近年尾，價格都算貴。房間不算大。店家回覆都快，離開後有提供寄放行李，最大問題是其中梳發床位置不乾淨，有蟲咬。手及頸長很多紅點粒粒很痕。小孩都有長紅點。
位置交通,37582997,-3.0,地理位置優越，十分方便購買手信，亦方便行動不便的老人及體貼幫忙解決行李安置問題，方便最後一日也能安心安排行程。
位置交通,39758627,-3.0,"I was truly amazed by how well Cheri manages this facility. I fell in love with my room the moment I entered. It was well lit, sparkling clean, and has a stylis"
位置交通,46701867,-3.0,"The flat is a nice layout for guests, the bedrooms are a good size, and it has the basic amenities. Most of the apartment is new and updated but there is notice"
位置交通,47571880,-3.0,"Since May 2025, for health reasons, I've been going to Taipei every month and spending a week or two in the city.<br/>This apartment has been my worst experienc"
位置交通,688736936440590337,-3.0,"雖然是老房子，但是內裏全新裝修，地方非常清潔，設備也齊全，房間也很大，但注意此房源是舊式唐樓沒有電梯，需要步行樓梯上2樓, 但難道不高. 房源位置非常接近臨江街夜市，吃喝完全沒有問題, 但位置在小學旁邊, 早上可能會有點吵. 但能夠中午12點才退房，真的很不錯。"
位置交通,903639277064394882,-3.0,位置很方便，有電梯，街區稍稍有一點吵，晚上有車的聲音但是問題不大。在周邊旅行很方便
位置交通,949726301056818041,-3.0,旺中帶靜是很貼合這房子的形容詞<br/>走兩步就到鬧市但又很安靜<br/>飲食方面<br/>早上到樓下就有不少早餐店可以選擇<br/>附近也有個街口有很多牛肉麵店<br/>有些還是24小時營業<br/>交通方面<br/>兩老走路很慢，不過也在15分內到達捷運站<br/>這區差不多在台北捷運網的中心<br/>轉什麼線都很
位置交通,972095119370840179,-3.0,"Emile is really nice host.<br/>She welcomed us so nicely when we were going to check-in, and explaned about the house in detail.<br/>The airbnb was really close"
位置交通,1015841238556042519,-3.0,"Hard to beat the location. Literally one minute walk to the MRT, next to a lot of stores and shopping location. Downside is it can get noisy at night like most "
位置交通,1051272692636723348,-3.0,This place is amazing! Amazing host amazing house. It is in the middle of ximending where food would not be a problem here. A few walks to the mrt ximen station
隔音噪音,39638768,-14.0,我是在网上找到的房源，看到之前住户的評价都説他家交通便利，房间整潔乾淨，空间也合适，房東亲切回复快速，于是就预定长达1个多月（6/6-7/11）房间，以上皆屬实， 但確万万沒想到我入住的第一晩就被冷氣室外机噪音吵到無法入睡，立卽和房東反應，她讓我把冷氣調至低檔風速試試，我調过，但噪音聲依舊很大聲，我甚至关掉了冷氣也無法
隔音噪音,938072647698899854,-10.0,整體住宿體驗真的很棒！Natashia 好漂亮也很親切，Momo 是只漂亮愛貼貼的貓咪，還有外國室友很友善☺️<br/>首先，交通的方便性真的滿分，非常非常靠近捷運站。而且走出門不用1分鐘就有好幾間便利商店和藥局。住宿附近也有不少餐廳，彩妝店還有家樂福😆<br/>乾淨程度真的不用擔心，廁所是共用的但是很乾淨沒有異味，房
隔音噪音,21068935,-9.0,希望要訂這間房間的人都可以看看我的評論<br/>我不是奧客 <br/>也知道住airbnb本來就不能跟飯店比<br/>但這次的住宿體驗真的是我使用airbnb以來 <br/>住過最最最最差的房間<br/>優點1<br/>地點是真的很方便<br/>樓下就有便利商店 步行幾分鐘抵達西門町<br/>缺點1<br/>因為房間是
隔音噪音,11977286,-8.0,优点：位置真的很好，闹中取静，旁边就是忠孝复兴捷运站和远东sogo，楼下周边吃饭逛街外出都很方便。<br/>缺点：空调问题。1.空调真的很吵，特别是客厅的空调制冷开始的时候主机（应该是装在主人房大房外面）轰隆隆，主人房里面无法睡觉，后来跟房东反馈了，房东过来看过也没办法解决，就让我们放弃使用客厅空调，而且并没有感觉对方
隔音噪音,1016539142755808205,-8.0,地點很好 對面就是寧夏夜市<br/>外觀雖然很明顯是舊房子改建的<br/>走廊有一個舊舊的味道 但房間內舒適乾淨明亮 看得出來屋主用心整理過<br/>客廳跟房間內各有一台冷氣 通常只會有一台 這樣冬天客廳及房間就都能開暖氣 覺得很貼心！<br/>覺得肉眼看到的房源狀況比圖片漂亮很多 白白淨淨的讓人住起來心情很好<br/
隔音噪音,44201965,-7.0,房源大致與描述相同，但隔音非常差，半夜兩點有其他住戶在樓梯間喝醉吵鬧大聲呼喊，非常吵，有告知房東此狀況但被無視並無收到任何回覆<br/>雖然房間不錯但噪音問題造成睡眠品質極差的情形，若有重視隔音者不推薦此房源<br/>優點是有兩套衛浴使用上非常方便
隔音噪音,1217627800601236969,-7.0,以這價位，對比環境跟房況我覺得是剛好，但最大的缺點就是因面臨大馬路及高架捷運旁，又落地窗不是氣密隔音窗，外面的吵雜聲很明顯，第一晚我幾乎無法入睡，直到自行購買耳塞才減緩雜音的問題，如果你是重視安靜睡眠質量的旅人，選則這邊，建議一定要有耳塞。
隔音噪音,1701140,-6.0,枕頭和床單上有頭髮，角落處有滿多灰塵，隔音很差，隔壁房客在吵架，半夜被吵醒兩三次...唯一的優點是地點很方便，價錢不貴，如果只是想找個地方睡一晚，還可以接受
隔音噪音,3953759,-6.0,说句良心话：不要住这里。因为临街特别吵，窗户那边的底板只是一层纸盒，台北机车巨多，噪音巨大，整晚无法入睡。老板是很客气，给我们准备了耳塞，没用谢谢。所以这个评论不针对老板，全凭良心说话。住了一晚简直精神崩溃，之前不明真相定了三晚，第二晚是七天之后回台北，于是提前一礼拜说想退房，老板说扣50%房费，两晚的50%五百多，太
隔音噪音,11140660,-6.0,本次我们一家三口住了三晚四天，以下是个人体验。这间民宿的位置离台北车站捷运站步行十分钟，到西门汀繁华地段差不多也是十分钟，房间内没有发现蚊虫，有洗衣机这点很方便，下楼步行五分钟有超市，小吃摊，水果店等。我把这间民宿的不足总结三点：第一，卫生太差。我用洗衣机洗了一次衣服，洗完都是毛，后来我清洁了洗衣机的过滤器，过滤器里全
隔音噪音,20989755,-6.0,1.房間內部擺設如照片<br/>2.陽台照片沒拍到的地方有些雜物，陽台空間非常非常狹小，不如不要擺桌子<br/>3.照片都是白天拍的還有調過亮度，走廊完全不一樣，是不同的地方，實際的走廊即使是白天仍非常陰暗，天黑之後更是暗得深不見底<br/>4.從一樓開始到房間裡的廁所，所有經過的門都非常老舊，難關難開難鎖<br/>5
隔音噪音,22156573,-6.0,位置很好但房間稍小了一點，一個人住沒有問題。 可改善周圍噪音及吵雜聲音便更好了。
隔音噪音,28142373,-6.0,位置很好但房間稍小了一點，一個人住沒有問題。 可改善周圍噪音及吵雜聲音便更好了。
隔音噪音,30386138,-6.0,"Except those noisy water pipe noise , bad soundproof , hard to adjust hot water, everything’s great. Easy to access Ximending and convenience stores."
隔音噪音,35435235,-6.0,整體來説，房間整潔度未如理想，大門有很多蟑螂死屍和十分骯髒，現實中房間比圖片更小，隔音極差，包括樓下噪音和隔壁電視聲音都聽到，但勝在地理位置十分鄰近西門町，但始終性價比偏低，不推薦，有待改善
隔音噪音,36834831,-6.0,"*Very* small room. No desk. Hear everything from next room (v noisy all night). Window opens to smelly noisy dark ally, so cannot keep open. Way too small/no pl"
隔音噪音,679334111960102780,-6.0,是一個很特別的房子<br/>但怕吵或者灰塵的人不建議<br/>旁邊的教會？吵整天吵到早上都無法睡
隔音噪音,886953475433750828,-6.0,房間與照片相符。窗戶對着大馬路，比較嘈吵，建議可以加裝隔音窗簾。入住期間冷氣機有滴水問題，墊著毛巾，並沒有太大影響。洗手間有小飛蟲，建議多滅蟲。整體居住尚可。
隔音噪音,991709061630546347,-6.0,半夜三點，其它房客說話大聲被吵醒，外面車子噪音也超級大，冰箱聲音間隔一段時間會提高噪音，乾淨度要再加強，廁所味道有種悶臭味
隔音噪音,1023767256955799657,-6.0,還可以，但隔音差了一些。碰巧樓上鄰居連續幾晚吵架，吵架內容都聽得清清楚楚。
隔音噪音,1086836240625212432,-6.0,～住宿位置就在西門町非常方便<br/>～附有洗衣機<br/>～睡得很好<br/>～房東有禮貌且親切，回覆也很快<br/>注意<br/>～停車場非常舊也很髒<br/>～洗澡水力有點不足<br/>～冷氣機有點吵<br/>～旁邊街道會有表演，有點吵<br/>～有上下層樓梯，對長者較為不便<br/>整體來說是可以的，也非常感謝
隔音噪音,1150314359704864588,-6.0,優點是空間很大，可以容納10人，餐桌也很大；房東很貼心也很迅速回覆。<br/>但是大樓本身很老舊，房源在六樓但是電梯不知道為什麼到四樓突然開門就不關了，感到毛骨悚然。<br/>客廳空間很小，茶几搖搖晃晃隨時會解體。<br/>兩間浴室都超級小，大概是游泳池的淋浴間一半，牆面磚塊殘破不堪，洗澡跟上廁所都很不舒服。<br/>
隔音噪音,1428361943619188406,-6.0,這次的住宿體驗非常棒！房間乾淨整潔，與照片描述完全相符。房東回覆訊息的速度很快，溝通起來非常順暢，提早到達也可讓我們先寄存行李。另外，地點不錯，去不同地方都方便，走路可到達台北車站，樓下附近有早餐點，便利商店也在不遠處。美中不足是隔音有點差，兩天都被隔壁小孩早上吵鬧聲吵醒，另外一間房會聽到車聲。下次有機會還是會再入住。
隔音噪音,7370637,-5.0,第一個就是剛好我朋友也住這邊，但是同樣的價格他們是雙人房我的是單人房，那正常人也會想要睡雙人房那我覺得好沒關係可能是我沒有找到再來就是一到房間的時候有一個除濕器他裡面是滿水我想說好沒關係我把它倒掉結果我又放進去他這台機器是壞掉的完全沒有辦法做使用，我有跟裡面的人說壞掉了怎麼辦因為我很害怕潮濕他們就說只能夠隔一天處理完全
網路WiFi,839732520562468136,-8.0,位置非常方便，位於西門町中心地帶。公寓附近周圍都是餐廳和便利商店，附近還有誠品、康是美和寶雅等，方便購物。唯一不太好是，原來大廈晚上十時後，會下閘關閉各出入口，只淨餘一個出口進出，要點時間找入口。另外，令人失望的是，WiFi極度差，入住第三晚已經不能夠使用WiFi；屋主提供的方法不能解決WiFi問題，直到退房也不能夠使
網路WiFi,31548380,-4.0,"Excellent location. The host is very nice and thoughtful. Sai has prepared great trip tips and restaurant suggestions around the place.  In addition, we had sma"
網路WiFi,52782806,-4.0,WiFi ￼很差，完全收不到訊號￼，￼位置￼多噪音￼
網路WiFi,970564271109436452,-4.0,"房東太煩了. (1) 房東的第一則訊息不友好 (不友善), 問我是否已經閱讀了所有說明. 其他房東都沒有這樣問過我. (2) 有一次, 有人敲門, 房東居然問: “他們問了你什麼 ? 有人進房間了嗎 ?” !!!! (3) 他一直堅持要開除濕機 ! 我在台灣住過很多地方, 除了這個房東, 其他人也不在乎濕度. (4) "
網路WiFi,38737126,-3.0,Kai Yu was responsive with all the queries. also offered to help book airport transfers at reasonable prices.  Especially good if you are flying at dawn when th
網路WiFi,888848360089187632,-3.0,really enjoyed staying at Grace’s place. the location is excellent and the place is spacious and clean. Grace’s team was extremely helpful in booking airport tr
網路WiFi,1353412203445630231,-3.0,The location and the room itself are perfect. It is all very nice and in the perfect area. The only major problem was the internet. I was consistently at 5mbps 
網路WiFi,1838528,-2.0,"Simon is a kind man. If you have any question about the room,you can call him he will answer you as soon as possible.The room is clean and has enough space.This"
網路WiFi,4014018,-2.0,好得地方：<br/>1，位置好，周边配套和知名店铺丰富；<br/>2，价格便宜，出行便宜和方便；<br/>3，房东Mike非常客气友善，并对台湾十分了解推荐的地方都很地道，很赞；<br/>提示：<br/>1，房屋的排风和空气流通稍差；<br/>2，晚上的Wifi速度很慢；<br/>3，软床，对睡眠敏感的人需要注意；<b
網路WiFi,4054999,-2.0,"Staying with Mike was great. Everything was easy, in fact he even organized a driver to pick us up from the airport, which is nice because we didn't have data o"
網路WiFi,11693088,-2.0,オーナーのYumiさんは日本人の血を引いておられる（ただし、日本語は話されません）とのことで、とても親切にしていただきました。<br/>部屋は一般住居の一室で、台北MRT（地下鉄）の古亭駅から徒歩10分ほどの距離であることと、厦門街のオフィス家具街の中で狭い階段を3階まで歩いて上がること、また築年数がかなり経っているこ
網路WiFi,11977286,-2.0,房東很友善，會盡量為你在台灣遇到的問題提供協助，房子整潔，基本所需一應俱全，電子門鎖，不怕忘記帶鑰匙，交通方便，位置一流，要找吃的都完全沒有問題。但要，晚上十點後要把音量收細，喜歡熱鬧和開派對的人要注意，另外室內和陽台均不能抽煙。可能我個人比較性急，感覺WIFI速度比較慢，想用流動數據接收又很差。。。大廈和附近環境比較
網路WiFi,14241304,-2.0,"Lovely place to stay while we were traveling in Taiwan! This place is clean, simple and bright! The only two downsides are bad wifi(can't get connection in the "
網路WiFi,15769542,-2.0,We love the location of this Airbnb. It’s just by Taipei main station so many connecting options. Taipei bus station near too. <br/>It also connects to the many
網路WiFi,15954301,-2.0,The room had everything we needed for our 2 week stay and is a great space for 2 adults; we had 2 large and 2 cabin size luggages which fit comfortably. The siz
網路WiFi,16469777,-2.0,房間該配備大都齊全 樓上房間的地板不隔音 小步行樓下房間也會聽到 隔音比較差 外頭能聽到房間裏的聲音 wifi有點慢 三房一廳其中一間是在大門外並不連接 有點奇怪 熱水爐在晚上有時候會忽冷忽熱 其他都不錯 近巿區 坐捷運 買手信 餐廳 商店街都在附近 跟台北車站也只差一個站 轉乘十分方便 服務態度很好 第一天找不到地址
網路WiFi,17287805,-2.0,Everything is good at Jej's place. It was quite nice to stay there for 2 weeks. I had no issue at all with the place except one. The wifi speed was quite slow a
網路WiFi,21854628,-2.0,"Host didnt turn up during check in. Toilet bowl has flushing issues. Bedroom 2's bed was so hard, I don't think it's a proper mattress. Blanket has stain inside"
網路WiFi,21993579,-2.0,"Great stay, very helpful host and even cleaned halfway through our stay! Very private self contained unit close to transport to the city and the mountains. very"
網路WiFi,22172055,-2.0,地點超方便，下樓應有盡有⋯雖然在鬧區，但是晚上休息一點都不吵⋯很棒、入住的時候Wi-Fi壞了、但是對我沒影響，可憐了我的先生要蹭公共Wi-Fi⋯哈哈哈
網路WiFi,23228459,-2.0,"抵達台灣時因班機嚴重延誤,導致延遲入住,加上網路問題無法即時回應airbnb留言,<br/>使我超級擔心又慌張!!還好林sir很貼心一直在民宿等待我們入住,真的很感謝!!<br/>最後還提供貼心的機場送機服務~大大加分GOOD!!<br/>停留天數較長的旅客,有洗衣機真是超方便,可減少很多行李,<br/>提供洗衣粉和很"
網路WiFi,24534421,-2.0,"入住時有小插曲， 房東快速回頭處理。 <br/>地點方便， 近北門站 同機場捷運，個人比較怕台北車站太大， 所以近北門站非常好， 走路去西門町只需15分鐘， 附近有好吃的早餐店 , 日本餐廳， 7-11, 銀行<br/>樓下1到5樓是自助商旅， 所以大堂非常好， 有保安， 服務員， 感覺很安全安心， 感覺比一般台灣民宿"
網路WiFi,24943872,-2.0,實際狀況跟照片差很多，走道昏暗，房間也昏暗，一進房在電視牆前面的地板上還有莫名一攤水，房間潮濕充斥著濃濃的芳香劑味，小小一個房間竟然放了三包芳香劑，感覺是刻意要壓過廁所飄出來的臭味，電視也不能看，網路超慢到根本幾乎連不上，最可怕的是被子上還有血漬髒污，還好很晚才來過夜，實在太可怕了
網路WiFi,25295259,-2.0,The good:<br/>This location is great for business and adult travelers that likes a bit of night life. There is always food and activities open late night in the
空調冷氣,39638768,-12.0,我是在网上找到的房源，看到之前住户的評价都説他家交通便利，房间整潔乾淨，空间也合适，房東亲切回复快速，于是就预定长达1个多月（6/6-7/11）房间，以上皆屬实， 但確万万沒想到我入住的第一晩就被冷氣室外机噪音吵到無法入睡，立卽和房東反應，她讓我把冷氣調至低檔風速試試，我調过，但噪音聲依舊很大聲，我甚至关掉了冷氣也無法
空調冷氣,21083767,-10.0,房東人很好，原本說好是由我去領取鑰匙，但臨時有事，由他人代替，也順利完成聯絡。<br/>房間空間小、狹長而窄，冷氣直吹床頭，若是倒睡，則十分的悶，整個房間很悶，對於夏季入住的房客，是個問題。房間只有一個小窗戶，冷氣似乎偏舊，並不通風。有提供電風扇，但電風扇運轉時會發出聲音，有點吵。<br/>浴室沒有乾濕分離，如果沖澡動
空調冷氣,996140822575146404,-9.0,租了三天兩夜for工作出差。<br/>整體唯一感激的，這三天台灣都暴雨，臨走一天問房東可否遲20分鐘checkout ，房東他答應。這點我們是很感激的。<br/>除此之外，所有東西整體體驗都很差。這是我第二次使用Airbnb，首先我們飛機延遲到達民宿已經晚上11點多，很黑沒有燈，而且民宿是使用電子鎖。電子鎖感應很差，我
空調冷氣,1083322502572760272,-9.0,第一次遇到冷氣室外機是兩房共用一台 隔壁開暖氣我們就只能開暖氣 開冷氣會自動關掉 房間超級潮濕空氣極差 甚至內側窗框都是積水 榻榻米跟床鋪都是濕氣 還不能開除濕 冷氣 而且經過溝通房東不肯跟隔壁房溝通 只要求我們配合隔壁開暖氣 因為隔壁是長住客 甚至說我們想開冷氣不正常  我們都是付錢如果住卻得不到公平的待遇
空調冷氣,1384216088732285300,-9.0,這間房子整體相當老舊，牆面甚至還有油漆剝落的情況。樓上的燈非常難啟動，需要反覆嘗試才會亮，而且開一段時間後燈座會變得很熱，讓人感到有些不安。<br/>閣樓的窗簾有兩層且完全不透光，導致整個閣樓非常昏暗。當我們把窗簾拉開，想讓陽光照進來時，卻發現客廳天花板夾層裡堆積了大量灰塵，感覺長時間沒有清理。<br/>樓下只有一台非
空調冷氣,4372441,-8.0,房子-<br/>房間如照片上顯示的一模一樣﹐是一間促新且乾淨舒適的小豪宅，有酒店質素。房東亦貼心準備了水果和飲料給我們享用，其他小節如充電轉換挿頭都齊備。不過留意這是airnbnb，不是酒店，房客需要自行洗杯和清洗盤子的，需注意。而且房子是民居住宅，不是酒店，對陌生人的聲音都很敏感，需分批出入，不能大夥同行，注意不能
空調冷氣,862868656072104958,-8.0,Ivory 的民宿給了我家的感覺，設備齊全，燈光通明，佈置舒適簡潔，讓我在台北渡過愉快的假日。<br/>Ivory 並為我們迅速解決問題。當感到冷氣機不太冷，她迅速聯絡冷氣機師傅，2天後便將冷氣機清洗，房間也倍感凉快。<br/>房間只有個小問題，洗手間略有些微異味，需長時間開著抽氣扇，不知是否與大廈厠所渠問題有關。<b
空調冷氣,974953211216896407,-7.0,Rex 回覆我所有問題都很快，第一天發現冷氣機有點吵。向他回應後，他提議幫我先安裝風扇及建議我如何改善。及後在最後一晚回到旅居發現冷氣壞了，他們立即過來解決。最終都能令冷氣回覆正常，而且他們主動讓我延遲退房及提出退款給我作賠償。他是個負責任的旅居主人，以後有機會一定再住進他的旅店。<br/>p.s. 我們沒有要他們退款
空調冷氣,18800405,-6.0,入住3日2夜，地點好，樓下有餐廳，商店，後街有7-11！<br/>入住前已同房東溝通所需用品，房東很好也幫忙安排嬰兒用品：遊戲床好新，也有沖涼液 嬰兒浴盤使用！風筒夠力，只是比小左張棉被～<br/>不過都唔緊要，實在用唔著<br/>原因係冷氣壞左！入住當晚冷氣已經調教到最低溫度（17度）&強風（swing都係壞），直立
空調冷氣,898877506085938037,-6.0,由捷運站步行到民宿大概10-15分鐘，預約uber可在門口上車，地點甚佳。<br/>民宿內部空間頗大，但窗外是帳篷，下大雨時滴到篷上有點嘈吵，於是唯有關窗開空調，但空調的風量不能控制，晚上很冷。廁所有點臭味，水壓也不太足夠，水溫時冷時熱，不過考慮到地點、價錢、空間，整體而言是不錯的。
空調冷氣,1021450200852935217,-6.0,長文。希望大家可避雷不受騙，因這次租住經驗，令我們對此平台大失信心<br/>網頁照片中的房間看起來相當整潔，但實際與照片有明顯落差，問題如下：<br/>1.大廈後樓梯沒關防火門，前往房間途中擺有疑似維修材料或建築廢料，安全與整潔上，視乎個人能否接受<br/>2.打開房門即有非常濃烈的水渠臭味混雜香薰，氣味刺鼻、令人不適
空調冷氣,1050356446213317733,-6.0,坦白說，看到照片跟實物，差異真的有點大！<br/>1）訂購前，看到由中山站步行是7分鐘就可以到達，到達中山站後，Google說要14分鐘！我聯絡房東他說搞錯了，7分鐘是他平常騎機車😮‍💨<br/>（最後步行了接近20分鐘，4人帶著4件行李，當中還有老人）我當下有被騙的感覺。<br/>2）民宿就在地面，是開門就讓其他人看
空調冷氣,36618830,-5.0,房源在地下室，沒有窗，只有冷氣，冬天不開冷氣會很悶，但開冷氣很冷，即使調整到29度除濕，還是會像18度。房間內撇除床頭櫃和抽屜，整體算正常乾淨，公共區域就看運氣了。<br/>第一次入住都是外國人的share house，才發現生活習慣真的不同，因為地下室回音大，室友們主要半夜2-4點活動，聲音非常大，雖然有提供耳塞可以
空調冷氣,40768674,-5.0,房間不大，但是還不錯，房門外就是飲水機，也有洗衣機跟烘衣機，沒看到房東說的旁邊有洗衣精，床跟枕頭蠻好睡的，不過隔音不太好<br/>另外，冷氣的濾網看起來已經很久沒清理，髒到外面直接看得到灰塵，導致冷氣吹起來不太涼，可惜了國際牌的冷氣，要調到20度才夠<br/>入住前有詢問能不能提早寄放行李，房東回覆說4點前會告知結果入
空調冷氣,1061622119845673206,-5.0,該民宿位置十分便利，附近就是大型商場，距離捷運站非常近 只要兩分鐘，大廈比較老舊 實際的住宿比照片上比較舊 但整體上還能接受 <br/>冰箱有剩下來的飲料沒清理，被子的被芯很髒及老舊，建議各位可以檢查，業主溝通迅速，回覆很快，而且可以提供一些優惠，建議租住前多爭取優惠喔<br/>唯一不能接受的是屋內三台空調都嚴重老舊，
空調冷氣,1129620946924887879,-5.0,小女兒整理行李，不慎將鑰匙收進大箱子，第一時間發現立即通知房東，由於時間過於緊湊，於是將鑰匙交託台北文華東方酒店櫃台，但房東宣稱遺失，執意要求1500元的重置費，並聲稱其鑰匙使用時間不到一年，但那鑰匙非常老舊，整棟大樓也是，樓下大門很重，如果你拿行李又要扶門是十分吃力的，但門上有告示，若震碎大門玻璃此處設有監控需要賠償
空調冷氣,1151338043107117869,-5.0,1樓1號房：離外面水溝很近，會有蟑螂爬進來，公共區有放蟑螂藥，所以會看到活蟑螂或已經死的蟑螂。通風管問題，遇到連續雨天，空調會飄出發霉或動物屍臭味，房間會有蒼蠅8-10隻。<br/>反應後房東提供二樓房間更換，用蒸氣煙霧處理氣味和蒼蠅問題，但處理後回去住又有同樣狀況，積極處理但效果有限。<br/>2樓4號房：大片窗戶面
空調冷氣,1173033343163558454,-5.0,入住很方便，位置也靠近林森北<br/>房子和照片相似度高，只是沒有照片裡看起來大<br/>屋主回應速度很快，有盡量幫忙解決一些問題<br/>房子衛生問題不是很好，房子裡有很多小蟑螂和小螞蟻<br/>第一天入住時就殺了很多蟑螂，被套和枕頭套有小塊污漬<br/>床單起球，後來屋主有來幫忙更換床單被套和更換蟑螂屋<br/>房
空調冷氣,1387177888048147007,-5.0,1.房東回覆訊息很慢，溝通非常困難<br/>2.已經到入住當天但是不給房間的密碼，我已經付款了…房東非常堅持一定要人到門口才要給密碼？然後airb&b無法聯絡到他！不回訊息，一定要加賴才給密碼？不太懂這所謂的堅持是什麼？後來是我朋友加賴房東才給密碼的，然後也是不跟我說密碼？！訂房人是我，不太明白為什麼不能知道密碼….<
空調冷氣,1415833109623867068,-5.0,地點是這個房源唯一明顯的優點，交通與周邊便利性不錯。但整體入住體驗與期待有明顯落差。<br/>入住期間最主要的問題是空調與整體氣味。房子內有持續且明顯的不良氣味像是臭襪子，但對居住舒適度影響很大。空調問題在入住期間曾配合清洗一次花了兩小時清洗 三小時低溫吹乾 總共五小時，過程相當耗時且造成不便，但問題仍未解決 還要我配
空調冷氣,1546440723908161040,-5.0,住宿體驗很差，房間的冷氣設定了20分鐘自動關閉，請問是有什麼問題？？付了住宿費還要給你限定開冷氣的時間，因此房間非常侷促。淋浴間與廁所頂部是相連，也沒有合理的抽風系統，沖涼期間會聞到其他房客上廁所的尿味，真的瘋掉了。告知了入住時間但房東並沒有在，要不是其他住客在場幫忙開門也無法進入。非常垃圾。
空調冷氣,5290265,-4.0,除了地理位置好和房東回覆快之外 ， 沒有什麼優點。<br/>入住當天，我們三點半到達，還在清潔中， 只好放下行李離開， 回來時近門口地上還有很多條頭髮。<br/>房屋很殘舊，洗手間很骯髒 ，浴缸有污漬， 冷氣機滴水， 冷氣蓋鬆開 ，看得出之前已經用膠條封 ，但一直沒有維修。 床褥太軟，枕頭量不足。<br/>有天早上還有
空調冷氣,18676657,-4.0,優點：<br/>地點很方便，距離西門町地鐵站步行5分鐘，房東指示清晰，很容易找到。<br/>樓下就有便利店及一些著名的食店。<br/>缺點：<br/>大廈有一定年紀，房子比較殘舊，但個人認為可以接受。<br/>隔音設施比較弱，會聽到鄰居經過時交談及拿取鎖匙的聲音，注重隔音的話要考慮這一點。<br/>另外有一點，很想稱讚
空調冷氣,21068935,-4.0,希望要訂這間房間的人都可以看看我的評論<br/>我不是奧客 <br/>也知道住airbnb本來就不能跟飯店比<br/>但這次的住宿體驗真的是我使用airbnb以來 <br/>住過最最最最差的房間<br/>優點1<br/>地點是真的很方便<br/>樓下就有便利商店 步行幾分鐘抵達西門町<br/>缺點1<br/>因為房間是
床與睡眠,4984328,-9.0,首先 住處在台北車站正對面 這是我選擇此處的最優先考量 review ratings 又很好 幾乎滿分 但入住後才知道 這些ratings都是假的 <br/><br/>屋主的回話很友善也迅速 我沒見到屋主 一切都以Wechat(微信)交談<br/><br/>但... 這屋內可使用的家具和用品 品質都非常的差 照
床與睡眠,998985290853647144,-7.0,首先，host沒有清楚說明本民宿所在樓層電梯根本無法直達，我們到達台北當天才被告知情況，以致我們需提著十分重的行李箱走一大段樓梯，最後一天走的時候差點發生意外，路人也看不下去想要出手幫忙。<br/>民宿雖鄰近西門町，但附近與其走廊總有一股屎臭味， 一入內即刻把所有燈打開也依然燈光昏暗。而且床頭燈的開關位置很不便，床頭燈
床與睡眠,11977286,-6.0,优点：位置真的很好，闹中取静，旁边就是忠孝复兴捷运站和远东sogo，楼下周边吃饭逛街外出都很方便。<br/>缺点：空调问题。1.空调真的很吵，特别是客厅的空调制冷开始的时候主机（应该是装在主人房大房外面）轰隆隆，主人房里面无法睡觉，后来跟房东反馈了，房东过来看过也没办法解决，就让我们放弃使用客厅空调，而且并没有感觉对方
床與睡眠,17347962,-6.0,房東還是比較熱情的，但房子比較陳舊，而且特別吵，四面都靠近高架橋，晚上不關窗戶根本不能睡，關了窗戶又很悶，有一股異味。房間衛生特別差，床單都是泛黃的，睡了之後渾身癢+過敏。淋浴間是三角形的，比較小，不方便轉身。房子在四樓，沒有電梯，不推薦攜帶大件行李的旅客入住。
床與睡眠,31814285,-6.0,我來自外地，很少上台北非常不熟，詢問地址給新北市，結果前往過去的時候我搭計程車，司機說沒有這個地方開車繞了一圈找地址，想說旅館給的總不可能假的吧？結果跟我說是台北才對⋯這種事情因該是不該發生的，沒想過外地人的感受，進房後發現照片看起來很大結果很小間，進門後有怪味，隔音差爆睡覺睡到一半被隔壁的床震吵醒，各位自己鄭重考慮
床與睡眠,1050356446213317733,-6.0,坦白說，看到照片跟實物，差異真的有點大！<br/>1）訂購前，看到由中山站步行是7分鐘就可以到達，到達中山站後，Google說要14分鐘！我聯絡房東他說搞錯了，7分鐘是他平常騎機車😮‍💨<br/>（最後步行了接近20分鐘，4人帶著4件行李，當中還有老人）我當下有被騙的感覺。<br/>2）民宿就在地面，是開門就讓其他人看
床與睡眠,21068935,-5.0,希望要訂這間房間的人都可以看看我的評論<br/>我不是奧客 <br/>也知道住airbnb本來就不能跟飯店比<br/>但這次的住宿體驗真的是我使用airbnb以來 <br/>住過最最最最差的房間<br/>優點1<br/>地點是真的很方便<br/>樓下就有便利商店 步行幾分鐘抵達西門町<br/>缺點1<br/>因為房間是
床與睡眠,21083767,-5.0,房東人很好，原本說好是由我去領取鑰匙，但臨時有事，由他人代替，也順利完成聯絡。<br/>房間空間小、狹長而窄，冷氣直吹床頭，若是倒睡，則十分的悶，整個房間很悶，對於夏季入住的房客，是個問題。房間只有一個小窗戶，冷氣似乎偏舊，並不通風。有提供電風扇，但電風扇運轉時會發出聲音，有點吵。<br/>浴室沒有乾濕分離，如果沖澡動
床與睡眠,39638768,-5.0,我是在网上找到的房源，看到之前住户的評价都説他家交通便利，房间整潔乾淨，空间也合适，房東亲切回复快速，于是就预定长达1个多月（6/6-7/11）房间，以上皆屬实， 但確万万沒想到我入住的第一晩就被冷氣室外机噪音吵到無法入睡，立卽和房東反應，她讓我把冷氣調至低檔風速試試，我調过，但噪音聲依舊很大聲，我甚至关掉了冷氣也無法
床與睡眠,44201965,-5.0,1. 廚房有螞蟻到處爬<br/>2. 靠近窗戶的床，棉被裡有被壓死的小蟑螂，導致我朋友無法安心入睡，那晚只能蓋著自己外套躺在棉被上面睡覺<br/>3. 靠近窗戶(鞋子裝飾那面)的另一張床有黑色印子，不確定是吸塵器或者是鞋印<br/>4. 一進到廁所聞到霉味<br/>5. 樓下一樓開趴開到凌晨，嚴重吵到我們，請問房東您知
床與睡眠,885261234475194123,-5.0,基本上都沒有問題，只是棉被的被芯是整個泛黃，枕頭枕芯也是泛黃，床是上掀式，裡面擺滿反黃的枕頭，棉被，地板有多處毛髮，若要前往住宿的人建議自己帶棉被，另外冷氣會發出異音，也不能超過24度，兩萬七真不推！
床與睡眠,1015925132668303279,-5.0,位置很方便，週圍有很多便利店<br/>兩張床很適合一家人，不過床上有毛髮，是不可接受的，請改善，兩部冷氣機聲音太大，難以入睡<br/>，深夜時旁邊的住客，嘈吵的聲音也影響睡眠，最差勁一點是洗手間馬桶的去水，長期漏水，每次需要徒手把去水蓋蓋上才能儲水，嚴重影響住客衛生及住宿。廚房的櫃內也有一點小昆蟲，應該是退房後沒有檢查
床與睡眠,1107264617876666639,-5.0,"就在西門町，對面是DONKI, 旁邊是誠品、老天祿，所有想吃的想喝想買的都非常近，從西門町6號出口走5-10分鐘就到了。所有用品都十分齊全，洗衣機有烘乾功能，帶換洗衣服就可以住了。有兩間睡房，各有一張雙人床，住4個人都沒問題。只有一個睡房有窗戶，因為不是對着大街，晚上睡覺不吵。浴室是乾濕分離，有吹風機，水壓非常好，抽濕"
床與睡眠,1579004454624577392,-5.0,優點：<br/>房源位置很好，鄰近西門町，出行方便。<br/>房間的電路系統極其危險！入住期間發生了短路，導致房東轉接頭當場被高溫熔斷、燒毀，金屬插腳直接斷裂掉落！這存在極大的火災與觸電風險，住在裏面連基本的人身安全都無法保障，非常恐怖！<br/>缺點：<br/>實際房間較陳舊，與網上照片落差極大。<br/>衛生極差：
床與睡眠,1701140,-4.0,枕頭和床單上有頭髮，角落處有滿多灰塵，隔音很差，隔壁房客在吵架，半夜被吵醒兩三次...唯一的優點是地點很方便，價錢不貴，如果只是想找個地方睡一晚，還可以接受
床與睡眠,2263430,-4.0,*Worst Airbnb experience ever!!!* 這間Airbnb 質素真的令人非常非常非常失望！ 這次台北旅程，我們是三個媽媽和五個小孩，因為帶小孩來參加夏令營。所以這次居住在內湖的房子共15天，但我們對於這次預訂的房子有很多不滿意的地方。敬請你們能夠嚴格地檢驗這個房子的描述。 首先，這個房子描述有
床與睡眠,10650328,-4.0,房子噪音很大，隔音也差，半夜隔壁屋会来敲门投诉床垫也是塌的很软睡的不舒服，被子有污渍，房间物品上都是灰尘，浴室没有垃圾桶，地板也很脏，非常不舒适
床與睡眠,15966400,-4.0,拖着被太阳晒伤的脚饿着肚子在台北车站找网页上描述的Z8出口找了一个小时。最后好不容易到地面上了又联系不上房东，后来联系上后房东没有告诉我们房子的具体位置，而是让我们在原地等他来，见面后他告诉我们这个房子马桶坏了，要跟我们调到另外一个楼的房子里面去，所以我们没有能进入到我们所定的有三张床的巨大六人房，因饿着肚子且在台北仅
床與睡眠,19842055,-4.0,很有經驗及友善的房東，地點和房內設置都很喜歡。但樓上住戶和其他戶大力關門會發出強烈噪音影響睡眠，這無法避免，睡眠較敏感者請務必自備耳塞
床與睡眠,20083682,-4.0,"房间小:到我第二天就离开了，小到他不退款我还是选者离开的程度。I booked 4 nights with him, left second day even we can’t get our refund! Because the room toooooo SMALL. We carried 2 luggages a"
床與睡眠,34433541,-4.0,整體都很好 地方夠大 有4間房 一個係套廁 ， 水力熱水都無問題。 電視都可接駁到YouTube 聽歌睇戲 有露台空間 美中不足係有一張床褥壞咗 所以開左梳化床睡覺 但相信係之前入住小朋友不停跳床 跳到彈弓壞掉 ， 希望日後再有小朋友入住時候 家長都要制止行為 。 <br/>地點好近鐵路站 樓下有便利店 仲有好食西餐 
床與睡眠,40710555,-4.0,"I have been to Taipei many times and always used airbnb.    Never imaged such a horrendous place could be listed on airbnb for rent<br/>First of all, the overal"
床與睡眠,40934739,-4.0,民宿设施应有尽有<br/>+免治马桶<br/>+空调（冷，温）<br/>+酒店级别床单，棉被 (目前我睡过最舒服的床）<br/>+在西门町附近<br/>赞啦 ⭐⭐⭐⭐⭐
床與睡眠,46682193,-4.0,菸味重 樓下噪音吵<br/>建議睡前去樓下喝幾杯再上來睡覺
衛浴熱水,905593286536854555,-9.0,很舊的樓宇，大廈很骯髒，入到單位是劏房，隔音很差，隔離說什麼都聽得很清楚，沒有主動指示水機及廚房在那裡，我到了最後一晚才知道，紙巾質料很差粗糙，還會掉紙碎，浴室熱水時熱時冷，浴室檯階十分高，室內的洗衣機是壞的，性價比不高，唯一可取是房間乾淨，選擇得西門町住宿交通及食店是一定方便的。我住過咁多次民宿從來未住過劏房，這是最
衛浴熱水,7312737,-7.0,一進房間就聞得到一股下水道、臭水溝的味道⋯ 還沒有洗澡之前就發現浴室的嚴重漏水問題。浴室燈也是壞掉的，不知道會砸到誰。一個晚上都沒洗澡，早上起來看了浴室地上都是積水。房源到士林捷運站很近、床品也還可以⋯ 但入住體驗很差。不會再來。
衛浴熱水,16194730,-6.0,洗澡的熱水很難控制，出熱水也比較差，幾乎是沒有熱水！
衛浴熱水,32577066,-6.0,於五月尾住了四晚，房子很近捷運站，附近有便利店及早上有些賣早餐的小店子。屋子和相片差不多，唯一比較差一點就是每天大約四，五點廚房會有一陣很臭的味道傳出來，可能是廚房的渠位跟其他渠位互通，但不明白為什麼每天都是差不多時間就有臭味傳出來。另一個可以改善的就是浴室的熱水問題，因為此屋有三個房間，如果多人入住的話，像我們一行五
衛浴熱水,850491953666122174,-6.0,Henry非常友好，有禮，回覆快速，也樂於幫忙。不過房間相比我的期待有落差，也許是我運氣不好。<br/>地點靠近市中心，很方便，但樓下是餐廳，入口有些擁擠。7樓的房間是在原先的房子頂部搭建，所以建材較薄，隔音較差。<br/>比起照片，房間大小尚可，實際的裝潢更老舊一些，整體還算整潔。浴室浴簾和磚牆縫隙有輕微發霉現象，有
衛浴熱水,885114025053757760,-6.0,Naomi的團隊的確是很友善也很快速回覆。但對我來說有2個很重要的問題我覺得房東應該要在房間描述中寫出來，因為要是早知道房間有這樣的問題我大概不會考慮這間bnb。<br/>首先其中2個房間中間相連著的牆有一個「大洞/大窗口」是沒有封起的，只用一個窗簾隔開。我們其中一個人睡覺的嚴重鼻鼾聲會直接傳到另一間房。我們訂4間房就
衛浴熱水,991706538707348738,-6.0,離捷運站滿近的，晚上旁邊有類似夜市的晴光商圈，東西很好吃，樓下的控肉飯也很好吃。<br/>房間隔音非常差，隔壁的人開關門，用一般音量講話，我在房間內都聽得一清二楚，冷氣是中央空調，不能準確的調節溫度，只能選擇風涼123的大小而且聲音很大，晚上吵到只能關冷氣睡覺。廁所異味很重，必須要蓋上馬桶蓋關上廁所門。
衛浴熱水,1171322165007641853,-6.0,地點是方便的，步行到西門町捷運站大概10分鐘。<br/>根據描述，入住房間很方便，但我不怎麼覺得。我已預早告知房東晚上七時到達。我本以為是用密碼鎖入門，所以入住當天沒特別查看Airbnb app 信息反正還沒到。房東好幾次發信息，甚至Whats app 我，很像很緊急的要知道我何時到達，他説要安排接待人員在指定地點接待
衛浴熱水,1335239963215804866,-6.0,熱水不熱！ 熱水不熱！ 熱水不夠熱 ！天氣很冷 洗澡還要發抖，我連住3晚有跟房東反應熱水不熱的問題，房東隔天說有調高溫度，最後一天確實溫度是高真的有熱水了，但前兩晚熱水真的不熱……這三晚我都是凌晨才洗澡， 就是熱水溫度不夠熱，房間壁紙感覺有點舊 ，有免費提供洗衣、烘衣、曬衣服和熨斗可以燙衣服
衛浴熱水,1415764843551798096,-6.0,挺好的 有電梯。近中山站，與台北站有點遠。位置算方便。<br/>整體很好。洗衣機有乾衣功能很好。儲水式熱水爐，也沒有想像中那麼容易沒有熱水。沖涼完全冇問題。<br/>廁所淋浴間沒有分隔，廁所很容易很濕。<br/>被子唔夠大張，同朋友瞓要好close
衛浴熱水,1446952513821648422,-6.0,熱水爐經常沒有熱水！沖沖下涼突然無左熱水 要等10min以上 冷氣機滴水！！！
衛浴熱水,646629,-5.0,"The two nights stay was awful, the worst thing is the bathroom smells really bad. The bathroom is a closed space, eventhough it do has windows, but the window i"
衛浴熱水,31032634,-5.0,住房體驗非常差，超極大地雷！<br/>房屋的狀況很舊，牆壁都斑駁了，房間內有小蒼蠅（桌子上、牆上都很多屍體）。<br/>地板、地毯上很多頭髮與細毛，餐具上有灰塵，我們要check in時房東才在掃門口的地板，沒有認真打理過的感覺，非常不用心！<br/>至於被子與枕頭睡了會過敏，櫃子裡的枕頭與棉被都泛黃了。<br/>冰箱
衛浴熱水,31066666,-5.0,公共空間都是尿騷味<br/>廁所感覺像從來沒有清過<br/>整個髒死又臭<br/>馬桶整個都是黴菌跟尿垢<br/>真的無法形容多噁心
衛浴熱水,42300382,-5.0,"The room was very small and poor value for money. It did not match the listing photos, the toilet was dirty upon arrival, and there was severe construction nois"
衛浴熱水,49854610,-5.0,很公道的說，這旅館的好壞參半，如果大家之後會入住可以參考一下，做個心理準備^^<br/>好：價錢相對便宜<br/>位置方便，住所附近就有捷運站了<br/>壞（個人覺得）：晚上噪音挺大的<br/>浴室沒有浴簾，浴室樓底太低，浴室去水口有小昆蟲，最最最接受不到是廁所廁紙需要另外掉進垃圾桶<br/>總結而言它的價格與表現是正
衛浴熱水,738100326869925778,-5.0,地方寬敞，設施齊備，提供的物品充足，冷氣強勁。<br/>客廳沙發夠舒服，電視有不同頻道選擇。<br/>廚房餐具鍋具乾淨充足，雪櫃夠大也夠冷。<br/>四間睡房都足夠大，床也寬敞。<br/>附近有超市和超商，買宵夜很方便。<br/>距離地鐵站算近，交通也算方便。<br/>溝通清晰，對於不太熟悉台灣的遊客會熱心幫忙。<br
衛浴熱水,938318777772448534,-5.0,回覆快速，位置便利，鄰近捷運站，附近有很多餐廳，便利店，商店購物。<br/>Check-in時間需要在四時至八時才可以進入，到達時可以提早1小時告知將會在五時多到達，怎料房主表示因為未有時間清理，結果等到晚上七時多才清潔完成，可以check-in房間，實在十分不便，我付了一天的房錢，結果大半天就沒有了。。。<br/>b
衛浴熱水,969342052845830337,-5.0,"位置方便:機場捷運約6分鐘到, 到中山站約6分鐘, 舊房沒有電梯,要上一層樓梯,有長者要留意<br/>設備問題:電視無法使用; 主人房冷氣使用時每10分鐘左右會有大響聲,就寢需關上冷氣; 沒有窗簾,早上會光醒; 電熱水爐, 女士表示冬天不夠熱水; 有蟲<br/>隔音問題: 十分差, 有人播放音樂至晚上11時,全屋都會聽"
衛浴熱水,1156312113078106422,-5.0,房間空間算大，不過房間跟浴室的照片跟實際空間有點落差，熱水器忽冷忽熱，且入住時打掃不到位，地上有殘留灰塵毛髮等髒東西，不過房東還算積極也願意處理，提前退住，希望將一些基本面東西處理好，會是不錯的房源
衛浴熱水,1161381821705999160,-5.0,"I stayed here from 16 Feb to 22 Feb, and unfortunately, I cannot recommend this property due to several maintenance and safety issues.<br/>First and foremost, t"
衛浴熱水,1627532048157192007,-5.0,預訂了4晚的住宿，但我只睡了一晚就頂不住要另外再訂飯店。<br/>缺點<br/>1：洗手間有非常大的臭味（應該是下水道的味道），整間民宿也會聞得到。<br/>2：水壓十分不足。<br/>3：我晚上十二點洗澡，不足十分鐘突然沒有了熱水（真的是突然沒有熱水，不是漸漸的冷掉那種），差不多十五分鐘後才回復。<br/>4：浴缸瓷
衛浴熱水,5117935,-4.0,房東友善，主動告知房鎖如何使用。<br/>浴室乾濕分離拉門壞了，無法關上。<br/>淋浴間排水堵塞。<br/>床單上有掌印。<br/>雖然舊建築，但算是乾淨。<br/>謝謝服務！
衛浴熱水,13034881,-4.0,其實在出發前一直以whatsapp聯絡十分愉快，也為我們設計行程時給予我們很多寶貴意見，而我們當中有長者，宿主也為我們張羅小膠椅方便長者洗澡之用，在出發我們表示擔心我們的孩子會產生嘈音，但他們也表示會諒解。但不明白第一天接我們返民宿的人員，表現十分不禮貌及生氣，指令式要我們安靜，態度也嚴厲，使我們很詫異。<br/>設施
房東服務,28039885,-8.0,當天check in時，房間有一股殺蟲劑的味道，但不至於到太誇張，想說開了窗戶跟冷氣通風一下，過了1個小時，房內的味道越來越刺鼻，整個都是蟑螂藥的味道，很不舒服，但一次預訂了2天，還是硬著頭皮睡了⋯<br/>隔天房東，都有主動詢問入住狀況，也有當下反應給房東，得到的是跟清潔公司反應😂<br/>或許是清潔房子的時候使用清
房東服務,18676657,-7.0,優點：<br/>地點很方便，距離西門町地鐵站步行5分鐘，房東指示清晰，很容易找到。<br/>樓下就有便利店及一些著名的食店。<br/>缺點：<br/>大廈有一定年紀，房子比較殘舊，但個人認為可以接受。<br/>隔音設施比較弱，會聽到鄰居經過時交談及拿取鎖匙的聲音，注重隔音的話要考慮這一點。<br/>另外有一點，很想稱讚
房東服務,6554371,-6.0,自助Check in/out很方便，地點在北車交通便利，房間空間寬敞，彈簧床還蠻好睡。<br/>廁所有異味，馬桶水路有問題造成廁所無法使用，致電房東後，房東表示馬上處理並同意退回部份房租。房東態度負責，但建議妥善處理馬桶問題杜絕再次發生。
房東服務,20989755,-6.0,1.房間內部擺設如照片<br/>2.陽台照片沒拍到的地方有些雜物，陽台空間非常非常狹小，不如不要擺桌子<br/>3.照片都是白天拍的還有調過亮度，走廊完全不一樣，是不同的地方，實際的走廊即使是白天仍非常陰暗，天黑之後更是暗得深不見底<br/>4.從一樓開始到房間裡的廁所，所有經過的門都非常老舊，難關難開難鎖<br/>5
房東服務,21854628,-6.0,水壓很小 洗衣機出現問題告知房東房東卻先質疑我們 雖然後續有過來幫我們處理 <br/>房間沒有提供暖氣 只有客廳 <br/>房東回覆慢 會已讀不回 體驗差
房東服務,782192266563228426,-6.0,這個旅居地點很好～市政府站3/4號出口慢慢走路回去只需10分鐘～附近因為是松山文創區～到處都是很文青的cafe跟好吃的餐廳～還有很多飲料店～有7-11跟familymart～再走10分鐘還有全聯超市～超讚～<br/>旅居相片沒有拍攝到屋內有爬上閣樓的7級梯級，還有進大門後向下3級梯級往客廳～不太適合有老人家的家庭～因為
房東服務,903127284776667470,-6.0,入住手續簡單，房東也很快就回覆，原本預約的房間因為冷氣壞了房東立刻幫我換成其他房間，而且不用等馬上可以入住，超級棒！附近餐廳也算蠻多的，又有便利商店。從捷運站開始走出去大概5分鐘左右吧，不用走很久，路線也是非常方便的！
房東服務,1064148625996539032,-6.0,如果只是短暫住個一兩天，我個人是覺得還可以，但如果你是長租這邊的空氣並不是太好，而且後門有很多老鼠，房子裡面濕氣太重，感覺很容易漏水，地板也不夠平整，廁所很多發霉的地方，個人覺得這個房源好的地方只有他的位置，房東的服務再收錢以後都回覆的很慢，房子哪裡有問題他可能無法處理，也會期望你要忍受，不會主動解決問題，總之不是很推
房東服務,1319884925333000797,-6.0,一開始直接要求另外加line聯繫但回覆速度不佳，入住與退房流程繁瑣，只能4-6點入住（最早可3點），6-9點入住的話要付接待人員加班費1000元，因行程關係很難安排，溝通繁瑣很麻煩<br/>無提供一次性牙刷牙膏、沐浴乳洗髮乳、毛巾、洗衣精，房源介紹與入住前說明無特別提及導致還特別去附近買<br/>冷熱水有點難調整、廚房
房東服務,1415864882899862548,-6.0,入住過程非常順利簡單<br/>房間空間足夠 外面還有公用的客廳 有冰箱 洗衣機等 我們都沒有使用到<br/>有任何問題找房東 他都很及時回覆我們<br/>淋浴間的去水很慢 找房東處理 他都能馬上找人來處理<br/>如果喜歡洗比較熱的熱水澡的話 它的水壓會非常不夠<br/>淋浴間的天花 因為潮濕關係所以發霉 入住的第二天
房東服務,974953211216896407,-5.0,Rex 回覆我所有問題都很快，第一天發現冷氣機有點吵。向他回應後，他提議幫我先安裝風扇及建議我如何改善。及後在最後一晚回到旅居發現冷氣壞了，他們立即過來解決。最終都能令冷氣回覆正常，而且他們主動讓我延遲退房及提出退款給我作賠償。他是個負責任的旅居主人，以後有機會一定再住進他的旅店。<br/>p.s. 我們沒有要他們退款
房東服務,996140822575146404,-5.0,租了三天兩夜for工作出差。<br/>整體唯一感激的，這三天台灣都暴雨，臨走一天問房東可否遲20分鐘checkout ，房東他答應。這點我們是很感激的。<br/>除此之外，所有東西整體體驗都很差。這是我第二次使用Airbnb，首先我們飛機延遲到達民宿已經晚上11點多，很黑沒有燈，而且民宿是使用電子鎖。電子鎖感應很差，我
房東服務,1226104798100188046,-5.0,首先感謝房東積極的溝通協調，快速回覆，讓問題可以很快被解決!<br/>我們入住了兩周，整體來說是一個地點佳、價格合理的住宿房間，不過有幾點是可以特別提出注意的<br/>1. 房源與其他三間房間共用浴廁(房東訂房前已說明)，在其他房間沒有住滿的期間使用起來還可以，我們待的最後一周四房皆住滿，因此在使用上有些不方便，尤其其
房東服務,1701140,-4.0,地理位置真的很優越，就是新光三越對面，中山站3出口旁邊。離臺北車站也可以用走路的。房東一直沒有出現，都是用微信聯繫，不過都有好好幫我解決各種問題，包括我去哪看電影或者去哪坐機場巴士，只要提問都有幫助我，很好的房東。有一晚房間冷氣出現問題，實在太夜已經超過房東服務時間，可房東凌晨5點多發現微信留言後立馬回覆了我。等我早上
房東服務,13034881,-4.0,地點位置好，跟捷運站很近，附近有7-11很方便。<br/>可是很多蚊子，是超級超級超級多吧！之前看到租客評論有很多蚊子，房東回應說已解決問題，心想問題應該不大，我相信房東是誠實麻，可是這一點令我失望了，入住經驗得出：已經把所有窗都緊緊關上，每次外出和進門都盡快跑進或跑出都有蚊子跑進去，可見蚊子問題真係很嚴重，有家人被叮
房東服務,15035792,-4.0,Grace的房屋就跟照片上的一樣，沒有落差，非常漂亮與寬敞，是個非常棒的房屋。且鄰近捷運站，步行大約5分鐘就到了，是個地理位置與房屋設施皆很理想的房屋。雖然發生了第一天吹風機無法使用的小意外，但房東第二天馬上就幫我們解決了這個問題，服務真的是沒話說。
房東服務,19684277,-4.0,雖然到的時候有遇到一些小問題<br/>短暫聯絡不到房東還有一點擔心無法入住<br/>不過後來就沒有問題<br/>溝通回覆速度也不錯<br/>房間也跟圖片一模一樣<br/>附近也很便利<br/>朋友也都玩得蠻開心<br/>還是很感謝房東🥳<br/>遇到問題也都會熱心幫忙<br/>會推薦朋友入住👍🏻👍🏻👍🏻
房東服務,22868412,-4.0,只建議早上8點起床的人入住，因為房間完全正對地盤，入住19晚 即使帶了耳塞也有一大半時間睡眠不足，因為無法預計地盤哪天會打樁，所以房東也無法解決這個問題。<br/>房間整體清潔還可以，房東回覆友善只不過處理速度較慢，最好提前兩天通知。最值得讚揚的是交通方便，巴士路線多。
房東服務,28697457,-4.0,房東非常熱情，回覆速度很快，解決問題跟溝通也都非常有效率，很期待下次再入住；再次感謝房東的照顧，改天想重溫室友生活、我還會再來的👍
房東服務,29191584,-4.0,非常好的服務，有問題立刻解決， 我喜歡自然風開窗戶，紗窗七個全破，一通電話房東二話不說立馬全換新的。  不開冷氣吹自然風，房東省電房客開心。房東很用心經營，一定介紹很多人來住。
房東服務,30826397,-4.0,非常體貼的房東！<br/>房東不單快速回覆查詢，由於家人行動有點不便，房東更安排工作人員代搬行李，非常體貼！<br/>早機去晚機返，房東更允許提早check-in及延長交房時間。到埗前一天更有天氣預報！<br/>房間剛裝修完畢，非常整潔；地板更一塵不染！誠意推介大家選擇Arch房間!
房東服務,44201965,-4.0,地點位於馬路旁巷口，附近有全聯和豆漿店，若臨時要買食材或宵夜都蠻方便的。房間設備齊全、空間大，有2間廁所和廚房，CP值非常高，缺點是靠近門口隔音略差。<br/>這次體驗有提前告知需要提早入住，房東當下回覆沒問題，但當天還是等到入住時才告知門鎖密碼。白等了20分鐘很傻眼，期間手機和訊息都未回應，這點很不滿意。
房東服務,794039486287167788,-4.0,交通便利，也有櫃檯人員服務，有問題房東也迅速處理，大樓外觀和電梯較差，但房間室內和浴室都算大，整體很推
房東服務,818751900169255700,-4.0,從捷運站步行5分鐘就到了，很溫馨的地方，床很舒服、浴室水很熱，也有洗衣機可以使用，有什麼問題房東都很快回覆。但可能是在舊公寓，隔音稍差，不過還可以接受！<br/>總共住了3天，整體體驗都還不錯～
性價比,1387177888048147007,-7.0,1.房東回覆訊息很慢，溝通非常困難<br/>2.已經到入住當天但是不給房間的密碼，我已經付款了…房東非常堅持一定要人到門口才要給密碼？然後airb&b無法聯絡到他！不回訊息，一定要加賴才給密碼？不太懂這所謂的堅持是什麼？後來是我朋友加賴房東才給密碼的，然後也是不跟我說密碼？！訂房人是我，不太明白為什麼不能知道密碼….<
性價比,42300382,-6.0,"The room was very small and poor value for money. It did not match the listing photos, the toilet was dirty upon arrival, and there was severe construction nois"
性價比,45420598,-6.0,房間價格可能有點小貴，但若人數充裕價格方面就沒有問題，因為方面只要房客共同努力事實上不難達成，房東為人客氣，很棒很棒～～～
性價比,1427292739701017883,-5.0,"此房價格已經算貴，住宿狀況及衛生非常差。樓宇外有死老鼠,無電梯而樓梯還狹窄髒亂。入到房間，沙發及床褥被單有明顯污跡嘔心,牆身亦發黑，再檢查房中抽屜水槽沒有收拾放置了垃圾，整體與照片不符無法接受。房間多處問題有拍照給客服還是拖延後稱不能協助跟進，房主稱也只退款10%。想不開入住建議有心理預期不可退全款，亦無途徑反映。<b"
性價比,24507520,-4.0,這是一間適合在台北旅遊的青年旅社，性價比均相當高，相較之下在周圍能找到的房源，不僅價格昂貴又相當骯髒，因此大力推薦。
性價比,17032186,-3.0,位置近捷運，可能近年尾，價格都算貴。房間不算大。店家回覆都快，離開後有提供寄放行李，最大問題是其中梳發床位置不乾淨，有蟲咬。手及頸長很多紅點粒粒很痕。小孩都有長紅點。
性價比,22380641,-3.0,地理位置方便，以自助形式入住很便捷；<br/>剛進房時廁所有很重味道，不過前台有幫忙解決了問題；<br/>房間比較小，但價格便宜，整體性價比高。
性價比,52339848,-3.0,超級推薦，商旅首選！<br/>厭倦了每次出差都住飯店，住這裡吧！反正也不貴。<br/>如果你看到選定日期還有空房，請不要猶豫了，趕快下訂，我差點就沒訂成（據說是前面有客人覺得價格超過預算我才即時補上XDD）一進來真心覺得Gloria 的房子也太好了！遠遠超過隔壁三X飯店（我是膩了隔壁三X搬過來的）房子就在忠孝新生站旁，
性價比,820590905603889537,-3.0,房源位置非常好找，服務人員也很親切，房間簡單乾淨，晚上睡覺一直有水流聲很吵影響睡眠，整體來說當時的價格算是合理，再貴就要考慮了。
性價比,991793201329019692,-3.0,私はここの部屋が改善せれる、改善してほしい思いを込めてレビューします。ホストはまだここの部屋をオープンしてからあまり日にちが経っていないことを考慮します。<br/>・タオル枚数が人数分しかない。洗濯機はあるのに、洗濯機があるなら洗濯物を干す場所、ハンガーなどを準備してほしい。<br/>・タオルの枚数を追加で注文した際も
性價比,1056437338102851770,-3.0,地方尚算舒適，但第一次入住已發現有蟑螂，我們兩個女生入住根本很怕，只能夠共用一間房間。房東第二天有派人來吸塵、噴殺蟲水，但第三天又見有蟑螂，可見成效不大。我們最後要睡在梳化上，也不能放鬆，隔天根本沒有精神。這體驗差得很，很失望，因為房租也不便宜。
性價比,1074645625749045385,-3.0,價錢不便宜<br/>實物比相片相差太遠 廁所渠水倒流 骯髒水全湧了出來<br/>店床上有很多毛髮，多到有點接受不了<br/>另外有很多小昆蟲，蜈蚣也見到兩三隻。
性價比,1078832712180057097,-3.0,房間小也貴，住一晚可以頂在西門町住兩晚的價格。 因本人較少用airbnb ，而房東回訊息慢，在到達後也摸索了十多分鐘才成功進門。而且房間也沒有明確指示，進錯了房坐一會兩天checkout後卻被房東惡意收取1200清潔費，跟他理論不果完全不回覆只說交平台處理。<br/>極不建議入住。
性價比,1081820400339374612,-3.0,距離捷運站很近，也有電梯搭乘（大行李友善）。房東會主動說明住宿事宜，價格不貴性價比高
性價比,1191789647150246680,-3.0,"Location- good<br/>Cleanliness- good<br/>Aircon- good<br/>Shower water heater-good<br/>Kitchen- bad ( there was just a very small sink on the terrace, not reall"
性價比,1838528,-2.0,Simon was very helpful with maps and local directions and provided a quick response to my questions before I arrived.<br/>Fellow travelers note:<br/>No tea / 
性價比,1911361,-2.0,The location is convenient and the place is quite comfortable. The host is very responsive and accommodating. I feel that the price is a bit expensive for the s
性價比,2263430,-2.0,*Worst Airbnb experience ever!!!* 這間Airbnb 質素真的令人非常非常非常失望！ 這次台北旅程，我們是三個媽媽和五個小孩，因為帶小孩來參加夏令營。所以這次居住在內湖的房子共15天，但我們對於這次預訂的房子有很多不滿意的地方。敬請你們能夠嚴格地檢驗這個房子的描述。 首先，這個房子描述有
性價比,3953759,-2.0,"我予約時用了地圖搜尋民宿, 希望搜尋台北車站附近的民宿, 但竟然地圖顯示該民宿的位置完全不正確, 根本就是誤導, 向房東查詢, 竟然說地圖上的顯示只是地標, 民宿近北門站, 設了一個點於台北車站竟然說是地標, 那中山站的民宿也可以設一個點於台北車站吧, 這個回覆完全不能接受, 不正確的地圖還有用嗎??<br/><b"
性價比,5193504,-2.0,位置非常好，在南京復興上面，去哪都超級近捷運很方便，開車可能會稍微比較不太方便，但坐捷運非常非常便利，而且入住說明的很清楚很好找，捷運站到房源超近走路應該3分鐘就到了，附近生活機能也很充足，房間各項設備也是一應俱全，床鋪偏軟，但空間很大，也有掛衣服，洗衣晾衣的陽台，而且有除濕機所以一點也不覺得潮濕不舒服!!除了價格有一
性價比,5448667,-2.0,房东阿姨人很好，但是房子确实很不喜欢，把房子打成隔断的小屋子，隔音很不好，外面走路声音很大，每天早上都被吵醒，房间窗户也没有，屋里很不透气，房东本人也不住在这里，虽然是便宜没错，但是如果知道是这么差，再便宜也不会住，台湾之行最败笔的就是这次住宿了，完全没有airbnb所要传递的家的感觉。
性價比,9988638,-2.0,Janet is a wonderful host. By the day of your arrival you would have received all the information that you need to navigate around the neighbourhood. <br/>The n
性價比,10689015,-2.0,價格太貴哦！
性價比,13316714,-2.0,Surfer is a very responsible and kind host and provided any questions that I had immediately during my stay. His place is very close to my family in Taipei and 
空間大小,1054838920511045916,-8.0,出發台北前三天，我才注意到有颱風即將來襲，但當時的消息顯示它對台北的影響不大。即使天氣預報有雨，我也認為這不會阻礙我的旅行計劃。然而，當我抵達台北後，情況發生了變化。颱風的行動變得緩慢，並且升級為強颱風，其路徑與預測大相逕庭。這導致10月2日和3日全台灣都實施了停班停課措施。<br/>我原計劃在3號晚上的飛機離開台北，
空間大小,9144261,-7.0,非常棒的地點<br/>24小時的小管家可以隨時反映問題<br/>缺點:淋浴間的空間有點小 <br/>           房間跟客廳的冷暖氣機的暖氣功能剛好都壞掉  不過即時反映後小管家有拿一台移動式暖氣到房間 很謝謝他
空間大小,11140660,-7.0,本次我们一家三口住了三晚四天，以下是个人体验。这间民宿的位置离台北车站捷运站步行十分钟，到西门汀繁华地段差不多也是十分钟，房间内没有发现蚊虫，有洗衣机这点很方便，下楼步行五分钟有超市，小吃摊，水果店等。我把这间民宿的不足总结三点：第一，卫生太差。我用洗衣机洗了一次衣服，洗完都是毛，后来我清洁了洗衣机的过滤器，过滤器里全
空間大小,21068935,-7.0,希望要訂這間房間的人都可以看看我的評論<br/>我不是奧客 <br/>也知道住airbnb本來就不能跟飯店比<br/>但這次的住宿體驗真的是我使用airbnb以來 <br/>住過最最最最差的房間<br/>優點1<br/>地點是真的很方便<br/>樓下就有便利商店 步行幾分鐘抵達西門町<br/>缺點1<br/>因為房間是
空間大小,1143834058718015258,-7.0,原本以為只是普通的公寓，最多兩三間分租，結果是在汽車維修廠的樓上，１０／１１樓，中間樓層是倉庫。是專門分租套房的地方，共兩層，一個樓層約１０間左右，所以旁邊隨時住著不同的旅人。<br/>中間還遇到奇怪房客，旁邊跟對門吵架，大聲罵人跟大聲關門，感覺很讓人害怕。<br/>入口自動門不靈光，有時候無作用（不知道甚麼問題）很怕
空間大小,1399274681216342484,-7.0,- 雖然在鬧區，房屋內相對安靜。但白天偶有施工的噪音，似乎不是固定的施工時間。<br/>- 空間比想像中更大，尤其是客廳。我住過其他套房型的房源，空間狹小，行李箱放在地上打開胡就會擋到動線。這裡完全沒有這個問題。<br/>- 地點位於東區巷弄內，搭車到台北市的各個地方都不遠<br/>- king size 床很大很舒適
空間大小,1415833109623867068,-7.0,地點是這個房源唯一明顯的優點，交通與周邊便利性不錯。但整體入住體驗與期待有明顯落差。<br/>入住期間最主要的問題是空調與整體氣味。房子內有持續且明顯的不良氣味像是臭襪子，但對居住舒適度影響很大。空調問題在入住期間曾配合清洗一次花了兩小時清洗 三小時低溫吹乾 總共五小時，過程相當耗時且造成不便，但問題仍未解決 還要我配
空間大小,1631691,-6.0,After changing room to less smelly one it was ok. <br/>Only stayed one night and that is enough. Small cramped spaces and a lot of noise. <br/>It’s advertised a
空間大小,1664910,-6.0,This place is fantastic and the host very responsive and friendly.   Very quiet and a nice view over the park next to the building.   Heated Aircon was a rare t
空間大小,21083767,-6.0,房東人很好，原本說好是由我去領取鑰匙，但臨時有事，由他人代替，也順利完成聯絡。<br/>房間空間小、狹長而窄，冷氣直吹床頭，若是倒睡，則十分的悶，整個房間很悶，對於夏季入住的房客，是個問題。房間只有一個小窗戶，冷氣似乎偏舊，並不通風。有提供電風扇，但電風扇運轉時會發出聲音，有點吵。<br/>浴室沒有乾濕分離，如果沖澡動
空間大小,38473632,-6.0,房屋跟照片一模一樣，很漂亮的裝潢，精心設計的擺設，很適合一家大小或者一群朋友。Willis很熱心解答我所有的問題。只有一個小小問題，就是洗澡時的冷熱水有一點不穩定，不過，Willis很熱心來幫我們處理。
空間大小,39638768,-6.0,我是在网上找到的房源，看到之前住户的評价都説他家交通便利，房间整潔乾淨，空间也合适，房東亲切回复快速，于是就预定长达1个多月（6/6-7/11）房间，以上皆屬实， 但確万万沒想到我入住的第一晩就被冷氣室外机噪音吵到無法入睡，立卽和房東反應，她讓我把冷氣調至低檔風速試試，我調过，但噪音聲依舊很大聲，我甚至关掉了冷氣也無法
空間大小,42300382,-6.0,"The room was very small and poor value for money. It did not match the listing photos, the toilet was dirty upon arrival, and there was severe construction nois"
空間大小,739071795983218359,-6.0,優點：大部分房間都非常有古典風，很有feel，要是為了這個特色而選擇 是不會後悔的。地理位置非常好，距離西門町和捷運站(地鐵)很近 是可以步行的距離。<br/>開門很方便，智能門 無需顧忌鎖匙，省略了麻煩。<br/>缺點：房間的隔音比較差，稍微大聲點就能跨房間聊天。大臥室的浴室門是無法鎖緊的，用點力就能打開。<br/>
空間大小,886953475433750828,-6.0,房間與照片相符。窗戶對着大馬路，比較嘈吵，建議可以加裝隔音窗簾。入住期間冷氣機有滴水問題，墊著毛巾，並沒有太大影響。洗手間有小飛蟲，建議多滅蟲。整體居住尚可。
空間大小,991706538707348738,-6.0,離捷運站滿近的，晚上旁邊有類似夜市的晴光商圈，東西很好吃，樓下的控肉飯也很好吃。<br/>房間隔音非常差，隔壁的人開關門，用一般音量講話，我在房間內都聽得一清二楚，冷氣是中央空調，不能準確的調節溫度，只能選擇風涼123的大小而且聲音很大，晚上吵到只能關冷氣睡覺。廁所異味很重，必須要蓋上馬桶蓋關上廁所門。
空間大小,1053538038990110742,-6.0,房東溝通態度良好，床為硬式床墊，採光較差因鐵窗距離較遠。廁所空間狹小且老舊，且無乾濕分離設計，使用上稍嫌不便。房內未提供垃圾桶，需集中處理垃圾。
空間大小,1056381275530428968,-6.0,"While this Airbnb has its merits, I would recommend it primarily for short stays of up to a week. It’s clean and quiet, with responsive hosts, making it suitabl"
空間大小,1156312113078106422,-6.0,房間空間算大，不過房間跟浴室的照片跟實際空間有點落差，熱水器忽冷忽熱，且入住時打掃不到位，地上有殘留灰塵毛髮等髒東西，不過房東還算積極也願意處理，提前退住，希望將一些基本面東西處理好，會是不錯的房源
空間大小,1392808425219032204,-6.0,"The place was clean, quiet, and conveniently located near amenities. I slept well without any disturbance. As it was my first time in Taiwan, I was quite tired "
空間大小,1569538870390671306,-6.0,位處於西門町街尾，地段較靜，地理位置算不錯，晚上沿着路回去還可以買宵夜，7-11也在附近。房間是「麻雀雖小，五臟俱全」，狹小的空間裏有齊掛衣架、煮食爐、電視、洗衣機、連毛巾也有，但洗手間裏並非乾濕分離有點不便，水花亦容易濺到洗衣機。三張雙人床，但五至六人住會略為擁擠，加上沒有房間的間隔，會有點不便。然而，以跨年期間的價
空間大小,2263430,-5.0,*Worst Airbnb experience ever!!!* 這間Airbnb 質素真的令人非常非常非常失望！ 這次台北旅程，我們是三個媽媽和五個小孩，因為帶小孩來參加夏令營。所以這次居住在內湖的房子共15天，但我們對於這次預訂的房子有很多不滿意的地方。敬請你們能夠嚴格地檢驗這個房子的描述。 首先，這個房子描述有
空間大小,12767952,-5.0,沒什麼大問題， 附近也有商店和伴手禮店， 吃的也有，由樓下到車站也5-10分鐘內去得到，雨具也有提供， 紙也提供了幾包（過敏人士福音），毛巾洗澡用具的也算齊全。但也有點小毛病，例如熱水不穩定、大樓電梯慢了一點， 還有我覺得被子不夠大， 兩個大男睡一張床的話基本上要進行被子爭霸戰。
空間大小,16297721,-5.0,1-APP提供的地址是不對的，門牌差4個號碼。<br/>2-大樓有兩個大門，拿鎖匙的大門不是APP提供的那個地址。但入住說明其中一張相片有正確地址（字很細的），需要動腦筋才能順利入住。<br/>3-附近絕大部份停車場/停車場位是滿的，這不是房東的問題，是整個台北的問題，每天晚上找車位找一小時。<br/>4-價錢平，唯一
設備廚房,790769972851552031,-6.0,"1, 所謂的自主入住，是 Hung Chih 把感應裝置放在大樓旁邊的工地籬笆柱子上，讓你去拿。然後還放錯，我們必需站在門口等他把正確的鑰匙送來才能進入。<br/>2, 冷氣的控制器有問題，入住後三天無法控制，時冷時熱，害得我們都感冒了，才來操作控制器。<br/>3, 電冰箱冷凍櫃結了厚厚的一層冰，門會撞到了地面沒法完"
設備廚房,6314122,-5.0,事前與屋主的聯繫非常順暢並且及時，屋主的態度也非常和善，讓我們心生好感，非常期待這次的旅行。抵達後，屋主態度和氣友善，但是可能屋齡較大，很多設備老舊，產生了一些問題：<br/>1. 洗衣機壞掉沒通知，屋主雖然願意支付洗衣費，後來經過爭取，才願意支付烘乾費。<br/>2. 椅子破損，建議換一張。<br/>3. 電熱水壺蓋
設備廚房,36618830,-5.0,住宿點雖然在地下室但是有24小時全天候的空調以及清淨機運作，完全沒有悶熱的不適感<br/>廚房有冰箱、微波爐、烤麵包機、飲水機等設備，可以提供簡易用餐需求<br/>房間有冷氣空調，沙發椅小書桌，還有舒適的雙人床，加上不算太小的空間，令人有一種家的氛圍感<br/>住宿點接近捷運站，對於有交通運行的人十分便利，周遭環境位於
設備廚房,1017077534467425283,-5.0,"room is old, needs renovation. you can see the wallpaper is torn. the kitchen is dirty, broken kitchen cabinet.  kitchen table has stains and signs of burn from"
設備廚房,1319884925333000797,-5.0,一開始直接要求另外加line聯繫但回覆速度不佳，入住與退房流程繁瑣，只能4-6點入住（最早可3點），6-9點入住的話要付接待人員加班費1000元，因行程關係很難安排，溝通繁瑣很麻煩<br/>無提供一次性牙刷牙膏、沐浴乳洗髮乳、毛巾、洗衣精，房源介紹與入住前說明無特別提及導致還特別去附近買<br/>冷熱水有點難調整、廚房
設備廚房,19684277,-4.0,此次的住宿環境舒適，與朋友都喜歡這裡的空間與氛圍。唯獨遇到設備問題，要洗澡時沒有熱水，是這場聚會唯一美中不足的。但半夜兩點房東也有試著透過電話解決，雖然最後瓦斯和電池都不管用，經過會換瓦斯的朋友在外處理了好久還是作罷，導致比較愛乾淨堅持要洗澡的人洗了冷水澡。<br/>離開後我們提醒房東加強設備問題，除熱水外，吹風機也有
設備廚房,32577066,-4.0,於五月尾住了四晚，房子很近捷運站，附近有便利店及早上有些賣早餐的小店子。屋子和相片差不多，唯一比較差一點就是每天大約四，五點廚房會有一陣很臭的味道傳出來，可能是廚房的渠位跟其他渠位互通，但不明白為什麼每天都是差不多時間就有臭味傳出來。另一個可以改善的就是浴室的熱水問題，因為此屋有三個房間，如果多人入住的話，像我們一行五
設備廚房,35813751,-4.0,大致上沒什麼大問題<br/>只是廚房設備差一點點<br/>只有一個鍋子沒有煮食工具，只可以泡麵和做一些簡單煮的料理，如果需要砧板是沒有的<br/>其他也沒有什麼大問題
設備廚房,823791988635058949,-4.0,整體不錯<br/>地點超方便，3分鐘就能到西門町捷運站，附近巴士路線也很多<br/>餐廳選擇十分充足，早午晚餐夜宵都無問題<br/>設備齊全，有冷暖氣，洗衣機和洗衣粉，有掛衣及晾衣架，有大小毛巾提供，洗髮露，沐浴乳，需自備個人用品，如牙刷牙膏，刮鬍刀<br/>若下次再來台北，有機會再次選擇這
設備廚房,1021359185541922179,-4.0,昨天晚上從青埔到台北繞錯了好幾條交流道，嚇死寶寶了。好不容易抵達萬華入住民宿，卻實在不喜歡挑高的樓中樓，妞妞老了爬不上樓、廚房電磁爐壞了，小冰箱冷凍櫃也結霜，今天早上跟房東抱怨了一下，他竟然立馬同意換另外一間更大的公寓給我們、免費！真是lucky，遇到一個勇於負責的好房東。<br/>房東是真的寵物友善，幫我把一堆行李搬
設備廚房,1302744717599483679,-4.0,"No toast oven,no microwave. Very poor kitchen, broken sofa. Bathroom is good."
設備廚房,3106555,-3.0,"The apartment was small and cozy. With the nice view over the Daan park, it was convenient for the 24 hr supermarket in the same building. There's no kitchen (b"
設備廚房,6224868,-3.0,"I stayed at Maggie’s place for almost two months. She is very friendly and accommodating my timeframe for check-in and check-out. From what I know about Taipei,"
設備廚房,13742219,-3.0,Very convenient location which is just next to and above the Taipei main station MRT as well as the train station and bus station. It is also adjacent to the MR
設備廚房,20058047,-3.0,This was a great AirBnB space! Communication was quick and always responsive at all hours. It was a bit hard to find the place at first since it is seemingly no
設備廚房,20059264,-3.0,"We loved staying at Lee’s place for its convenient location, comfortable beds, and quiet locale.  Everything was clean and well set up.  The small kitchen (sink"
設備廚房,21561990,-3.0,樓下就是星聚點ktv.地理位置很好.過去西門町幾分鐘一條直路就到了.過來台灣旅遊差不多十天.這家最吸引我的是竟然有洗衣機和冰箱.設備很齊全.不過房間一直開著空調都有點味道.可能是新家私味道吧.總體還不錯.😎😎😎
設備廚房,23228459,-3.0,"This unit was about a 5  walk from Ximen station. Room has a small fridge, washer but not dryer. Room also bad a tv which you can watch YouTube on. Down side is"
設備廚房,23708394,-3.0,"A very small, decent enough place for the price in a nice building.  However we booked with the expectation that we could cook for ourselves, and this us where "
設備廚房,23947018,-3.0,住宿在大直站附近，捷運只要15分鐘都可以到達復興和大安，而附近5分鐘就有家樂福全聯和便利店，走10分鐘就可以到達美麗華，往大直捷運另一邊方向也有很多美食和手搖店，生活機能應有盡有。<br/>房東Mini提供大量有用的資料，也親自接待並講解房間內的所有設備和應注意的事項，也提供了可以彈性退房的時間，非常感謝。<br/>房
設備廚房,24762910,-3.0,Sai’s place was  definitely a good pick! Sai made sure I had everything I needed prior to check in and even listed out a welcome guide in addition to guide to t
設備廚房,25295259,-3.0,The good:<br/>This location is great for business and adult travelers that likes a bit of night life. There is always food and activities open late night in the
設備廚房,30752287,-3.0,房主Maggie非常友善，居住指引十分清晰。入住時有專人帶領，過程非常順利。即使看地圖距離捷運站需要步行10分鐘左右，但行人路大部分為平地，很便利。<br/>屋中設備齊全：雪櫃、廚房、洗衣機、電燙斗、冷氣等等。房間空間很大，打開三個行李箱在地板也可以，非常舒適。<br/>居住過程中遇到不懂得開啟的電器時，Maggie都
設備廚房,35211573,-3.0,這次是第一次入住Louis 的房源，就留下不錯的印象！<br/>交通方面，近南京復興捷運站，非常便捷，旁邊100公尺內有電影院、KTV、便利商店、酒吧及各式美食！<br/>房間硬體設施方面，除了每到不行的裝潢格局外，其他設備更是應有盡有（沙發、第四臺、WiFi 、冷氣...甚至還有個小廚房能開個小伙！）<br/>從入住
入住流程,1429662754485405779,-9.0,如果你沒有把握在屋主說明的活動時間回到房源請不要訂這個房間，因為即使你只是進門也會被屋主指責沒有按照活動時間活動影響安寧，甚至質疑你讓其他人進屋。<br/>房子使用密碼鎖，但屋主提供密碼與提供的入住說明檔案不相符，當你無法入住時，屋主提供的聯絡電話是有設定來電過濾無法找到人的。<br/>入住後密碼設定時限又有誤，最後一
入住流程,20989755,-6.0,1.房間內部擺設如照片<br/>2.陽台照片沒拍到的地方有些雜物，陽台空間非常非常狹小，不如不要擺桌子<br/>3.照片都是白天拍的還有調過亮度，走廊完全不一樣，是不同的地方，實際的走廊即使是白天仍非常陰暗，天黑之後更是暗得深不見底<br/>4.從一樓開始到房間裡的廁所，所有經過的門都非常老舊，難關難開難鎖<br/>5
入住流程,23753753,-6.0,以相對的價錢來說很超值。<br/>以下是我入住遇過的問題：<br/>1.前面的住戶入住時提過窗戶無法遮光的問題，到我入住仍然沒有改善，在溝通過後選擇用絕緣膠帶貼了起來。<br/>2.剛入住時發現電視無法看，打了電話之後有個人來修但沒修好，說要找人之後不見了，當晚在訊息上溝通的人似乎沒有知道這個消息，再溝通一遍之後隔天才
入住流程,1390369711569776345,-6.0,這次住宿體驗令人失望，未來絕不再考慮入住。兩晚房價高達8000元人民幣，但入住手續繁瑣，出入都需要登記，對一家老小十分不便。我們從上午10點一直等到下午2點，才獲得入住安排，期間天氣不佳還下著雨，更增添困擾。接待人員態度冷淡，彷彿付款入住反而成了虧欠他們一般，連樓下保安也語氣粗魯，整體住宿感受非常不愉快。
入住流程,790769972851552031,-5.0,"1, 所謂的自主入住，是 Hung Chih 把感應裝置放在大樓旁邊的工地籬笆柱子上，讓你去拿。然後還放錯，我們必需站在門口等他把正確的鑰匙送來才能進入。<br/>2, 冷氣的控制器有問題，入住後三天無法控制，時冷時熱，害得我們都感冒了，才來操作控制器。<br/>3, 電冰箱冷凍櫃結了厚厚的一層冰，門會撞到了地面沒法完"
入住流程,1415833109623867068,-5.0,地點是這個房源唯一明顯的優點，交通與周邊便利性不錯。但整體入住體驗與期待有明顯落差。<br/>入住期間最主要的問題是空調與整體氣味。房子內有持續且明顯的不良氣味像是臭襪子，但對居住舒適度影響很大。空調問題在入住期間曾配合清洗一次花了兩小時清洗 三小時低溫吹乾 總共五小時，過程相當耗時且造成不便，但問題仍未解決 還要我配
入住流程,17216033,-4.0,當天臨時透過Airbnb 訂房，經平台確定可以入住，但到現場才發現公告上説明過6:00後無法接待，Airbnb 平台也無任公告及說明，撥打櫃台上所留下的緊急電話，也無人回應，直到最後透過Airbnb 的訊息回覆才有訊息，而回應的內容更令人傻眼，＂請我改天再入住＂…差點現場飆髒話！<br/>最後只能要求退款。<br/>而
入住流程,21083767,-4.0,房東人很好，原本說好是由我去領取鑰匙，但臨時有事，由他人代替，也順利完成聯絡。<br/>房間空間小、狹長而窄，冷氣直吹床頭，若是倒睡，則十分的悶，整個房間很悶，對於夏季入住的房客，是個問題。房間只有一個小窗戶，冷氣似乎偏舊，並不通風。有提供電風扇，但電風扇運轉時會發出聲音，有點吵。<br/>浴室沒有乾濕分離，如果沖澡動
入住流程,22894297,-4.0,我是 20-24/7 入住的，入住當日傾盆大雨，照住入住指南根本無法順利前行，但 John 快速的回覆令問題極速解決 👍 同西門站真係好近。<br/>John 亦有善意提醒窗台會漏水，叫唔好擺電器用品上去，但事實上係冇漏過水。<br/>浴室、廁所，非常乾淨、光猛、乾濕分離做得非常之好，沖水系統亦都好給力。<br/>至於
入住流程,39401138,-4.0,房子真的很漂亮，跟照片一樣<br/>但隔壁就是居酒屋，半夜也會有人在門口抽煙聊天，且因為房子隔音不好，第一天晚上被吵到不行，半夜三四點都還有聽到很大聲的音樂，根本沒有辦法休息。<br/>另，樓梯很陡不好走，三樓的衛浴設備在另一間房間裡，稍嫌不便。<br/>還有大門僅有密碼鎖，沒有內鎖，入住會有點擔心安全問題。
入住流程,39638768,-4.0,我是在网上找到的房源，看到之前住户的評价都説他家交通便利，房间整潔乾淨，空间也合适，房東亲切回复快速，于是就预定长达1个多月（6/6-7/11）房间，以上皆屬实， 但確万万沒想到我入住的第一晩就被冷氣室外机噪音吵到無法入睡，立卽和房東反應，她讓我把冷氣調至低檔風速試試，我調过，但噪音聲依舊很大聲，我甚至关掉了冷氣也無法
入住流程,42300382,-4.0,"The room was very small and poor value for money. It did not match the listing photos, the toilet was dirty upon arrival, and there was severe construction nois"
入住流程,903127284776667470,-4.0,入住手續簡單，房東也很快就回覆，原本預約的房間因為冷氣壞了房東立刻幫我換成其他房間，而且不用等馬上可以入住，超級棒！附近餐廳也算蠻多的，又有便利商店。從捷運站開始走出去大概5分鐘左右吧，不用走很久，路線也是非常方便的！
入住流程,1041232487629103501,-4.0,房東在一開始就有要求要出示所有人的證件並且翻拍，預訂當時沒特別想太多。<br/>後續房東一直的在確認我們能抵達的時間是幾點，但礙於過年路上很塞，我真的無法預知何時抵達。<br/>她表示因為來接待的人過來的路程要一個小時，所以她也要抓時間。對於旅客來說真的感覺到很有壓力<br/>到了入住當天，房東的夥伴拿了我們所有人的證
入住流程,1208534670299482357,-4.0,付款後要提供太多個人資料，包括護照，機票以確保我是外國人，入住前問幾次才給正式地址。<br/>位置十分方便，樓下有便利店，食店一應俱全，到西門町也快。<br/>民宿空間尚算濶落，偶有小蟲，浴室有污垢，門鎖壞的。<br/>退房前一天已問幾時退房，下一句寫11時前退房，感覺催促我們快點離開，另外退房前要求關掉所有冷氣機並要
入住流程,1304825781535791730,-4.0,"We are a family of 8 and stayed here for 5 nights on the 2nd and 3rd floors. Overall, the stay was acceptable but could be improved.<br/>There was a small issue"
入住流程,1357140500481878648,-4.0,體驗非常差，根本不適合入住<br/>訂了兩晚，第一天晚上12點回到民宿發現冷氣竟然是壞，而且非常骯髒佈滿灰塵<br/>洗手間亦是很骯髒，抽氣扇上有黴菌<br/>最離譜是打開衣櫃竟然是用過的毛巾和被鋪<br/>不難令我聯想床單被鋪是有換嗎？<br/>而且有一張床單亦有污跡，聯絡了房東沒有直接回應衛生程度問題一直說我們太遲
入住流程,1387177888048147007,-4.0,1.房東回覆訊息很慢，溝通非常困難<br/>2.已經到入住當天但是不給房間的密碼，我已經付款了…房東非常堅持一定要人到門口才要給密碼？然後airb&b無法聯絡到他！不回訊息，一定要加賴才給密碼？不太懂這所謂的堅持是什麼？後來是我朋友加賴房東才給密碼的，然後也是不跟我說密碼？！訂房人是我，不太明白為什麼不能知道密碼….<
入住流程,4568861,-3.0,不推荐入住，房间很小，隔音效果很差，价格也偏高，不如住酒店，一个女生就真的不要入住了。房东回复信息很慢，后期干脆都不回复了，另外，我有东西落在房间，也不配合找回
入住流程,12163734,-3.0,房間內部空氣品質不佳，冷氣無法調整溫度，照片跟實際入住有落差，其餘都還可以，謝謝
入住流程,13034881,-3.0,"第一次住airbnb, 遇到態度良好的房東, 也很熱心幫忙, 很值得讚賞! 房間跟相片都一樣, 入住後覺得頗舒服<br/>美中不足的是兩間浴室因為水壓問題不能同時洗澡, 如果人多入住其實有點麻煩。<br/>我們入住共三晚, 頭兩天都可以, 可是第三晚回去時發現有幾包食物被不知明生物咬破, 其實我們沒有發現什麼動物蹤影,"
入住流程,23467163,-3.0,入住時發現煮食爐不能打火，套房冷氣機漏水嚴重，另外一間厠所洗面盤塞，去水超級慢。家人星期五入住至下周的星期三早上便要離開，已多次請來房東盡快解決，但最後說因為周末找不到人來修理，星期一又說修理師傅臨時來不了，最終在星期二下午，她們外出的時候才說修理好。但不到12個小時她們便開了。廚房煮食爐一直都沒能用，簡單煮麵也不行，
入住流程,30778756,-3.0,"Host was very responsive, quick to answer all our inquiries. We arrived at 3am and there’s no problem checking in. Self check in process was easy because of cle"
入住流程,33025685,-3.0,房東回覆快速，入住當天因為前一組房客還未退房無法提前入住，但提供寄放行李。<br/>一進房立刻有蟑螂在牆壁上，房間內比照片上看起來小，一進門就感覺房內濕氣很重，新拿到的浴巾和剛換的寢具都有點濕濕的。<br/>大樓本身就很老舊，房間是將一個空間隔成數個小套房，因此隔音非常非常差，大門進出聲音、隔壁房客講話聲音、別的房間開
早餐餐飲,30826623,-3.0,"Entrance is very hard to find. Looks like located at an illegal building between street food stands. Our room was on 4F, and NO elevator ! We had to carry two 2"
早餐餐飲,646629,-2.0,"This was a great rental that we spent 3 weeks in. We enjoyed the outdoor space, and also I found the bedroom/study a great place to work from home. Since my kid"
早餐餐飲,1097851,-2.0,"CK his response, communication and help were excellent. Also, the location of the apartment is superb. MRT, shoppingmalls, restaurants and Taipei 101 on your do"
早餐餐飲,7725908,-2.0,"If I could give more stars I would! First the host is the best we've met through our travels across multiple countries. He is really warm-hearted, very fast to "
早餐餐飲,8547900,-2.0,The space is an easy base for travel around the city with its topnotch location. Ximen Metro Exit 6 is a few blocks away; there's a nearer 1 just off Red House 
早餐餐飲,11183004,-2.0,"Room at top of the food store, so have bad smell. And quite dark at walk way."
早餐餐飲,16820621,-2.0,感謝Ada小姐熱情服務，還特地拿齒輪油潤滑門鎖:) <br/>小豪宅非常舒適、地理位置超方便，捷運走路五分鐘，附近還有market、24小時麥x勞 ，挑高客廳採光良好，最喜歡小吧台小酌，一層一戶也不會受打擾，跟照片零誤差一樣夢幻，最喜歡早上作簡單早餐泡杯咖啡完美結束體驗👍😍🎉
早餐餐飲,20057949,-2.0,"Awesome area.. place is great, worth the price. Nothing to complain. If i can share an opinion i would replace the sitting hammock with actual seats and small c"
早餐餐飲,20701142,-2.0,房子前院的玩具令小孩每天都玩上好一陣子才出捨得出門口，唯入住的時間都整天下雨，蚊子有點多。附近有24小時超級市場，也有不少的食肆，食早餐，喝咖啡，串燒，牛肉麵，這都不是問題。
早餐餐飲,22868412,-2.0,"Had an amazing time! Definitely check out the morning market on this street when possible. <br/>There are plenty of small food places and coffeeshops around, an"
早餐餐飲,23951577,-2.0,位置便利，老闆人好，設計有品，很溫馨的地方。提供的信息簡直太棒了，去了介紹的店和小吃，沒有失望！住這裏隔壁咖啡早餐也有打折，有愛！
早餐餐飲,27771760,-2.0,Location is superb - walking distance to subway station plus Ximending is close by!<br/>Lots of choices for food - inexpensive street food and restaurants are p
早餐餐飲,30440658,-2.0,Great location. Clean and newly renovated flat. It is perfect for 2/3. You might start to be tight if you are 4 adults. Vivi was very proactive and easy to comm
早餐餐飲,40456965,-2.0,"The location is perfect. Right in the heart of Ximen, there’s easy access to food (small restaurants and street food), Starbucks, Watsons, shopping, MRT (Ximen "
早餐餐飲,738322392665808067,-2.0,房東人不錯 👍🏻<br/>問的問題都會耐心回覆<br/>另外若有停車問題 建議提前跟房東詢問CP值高的停車場，因為附近不好停車。<br/>房間的裝潢與照片一致 ～<br/>但清潔的問題有發現幾點：<br/>馬桶髒污未清、冰箱還保留上個客人留的食物，因此躺在床上會擔憂清潔度的問題。
早餐餐飲,851126048791597115,-2.0,2nd time staying. Very disappointed as it wasn't as before. Lack of maintenance. Plus point only there's many small restaurants.  Food is not a problem.
早餐餐飲,998188888349103925,-2.0,民宿主人有事先告訴我們，居住的地方會比較嘈吵，介意勿住，所以能接受的。如果是介意噪音的旅客，應多加考慮。主人亦有向我們介紹附近的地標，和美食。當遇到因天氣惡劣而導致房子出現問題時，民宿主人即時主動解決問題。民宿地點亦近西門町，樓下亦有不同的食肆。
早餐餐飲,1016539142755808205,-2.0,"Smell : there is a very bad smell coming from the balcony up to the room (even with windows closed). When opening the window, you get hit by a strong bad smell "
早餐餐飲,1082442329126963909,-2.0,"民宿位置也很方便,房東很友善回覆問題亦很快,亦介紹附近很多美食,會問候我們的住宿情況,唯獨冷氣機是比較嘈吵一點😅但第二天已為我們送上耳塞,其他也很好！"
早餐餐飲,1133336942070486466,-2.0,We had a great stay! Place was comfortable for 7pax (6 adults and 1 kid). Kitchen was small and just enough for snacking and small meals. No dining table but it
早餐餐飲,1214901876908944354,-2.0,"This is a great place. It’s easy to find, 10 min walk to an airport bus, and convenient to everything you need like food, markets, subway. The host is quick to "
早餐餐飲,1270851241063358413,-2.0,"Rex's place is centrally located, very easy to move around 🇹🇼 Taipei by mrt. There are plenty of delicious food around, so we have no issues in getting breakfas"
早餐餐飲,1370694214728184183,-2.0,"Pros: great location, only a few minutes to stores, restaurants, Ximendeng Market, and the subway; lots of room for our family of 7 people, was nice to have a c"
早餐餐飲,1389080480468898606,-2.0,"The room was as shown in the photos. It has no windows, but thanks to the air conditioning and the fan in the bathroom, we had no problems. However, the bed cre"
停車,1139869,-4.0,Scott是一位很熱心很貼心的房東，我們到達目的地時已經快9點了，他除了耐心等我們的到來還很熱心的幫我留意路邊停車位讓我不用那麼冷的天氣還一直找停車位。房間更是我們為之一驚，雖然坪數不大卻是麻雀雖小五臟俱全讓我家小孩開心到不想出門，下次只要時間允許我們一定會再次造訪Scott的家
停車,16297721,-3.0,1-APP提供的地址是不對的，門牌差4個號碼。<br/>2-大樓有兩個大門，拿鎖匙的大門不是APP提供的那個地址。但入住說明其中一張相片有正確地址（字很細的），需要動腦筋才能順利入住。<br/>3-附近絕大部份停車場/停車場位是滿的，這不是房東的問題，是整個台北的問題，每天晚上找車位找一小時。<br/>4-價錢平，唯一
停車,22858155,-3.0,"地理位置不錯, 距離士林站約5分鐘腳程, 距離士林夜市也很近, 房間尚算整潔, 坐廁空間小了一點但問題不大, 唯一問題是房東的鄰居看來有點心事, 每天晚上2,3點鐘都會騎機車出去兜兜風, 差不多睡著的時候總給他吵醒.."
停車,766997271105978860,-3.0,It is located in the Q Square mall which is complex shopping mall. Super comfortable for everything!!!. Amazing location. I enjoyed the food court on the B3. Ex
停車,8613386,-2.0,房東人很好很貼心，入住指引詳盡且貼心，房內乾淨整潔應有盡有，也有很多房東貼心的小巧思以及紙條附註，地理位置在該處算是交通便利機能性佳，且晚上寧靜<br/>價格算上平台費清潔費之後，總價不算便宜，但是比較過後，在該地段算是最好的選擇了！<br/>唯一不習慣的只有床墊較薄睡起來偏硬，枕頭也是偏扁硬<br/>附近機車停車位眾
停車,22869912,-2.0,很不錯的住宿體驗，廚房提供煮東西的器具，也有調味料，餐具也有，一次接待一組客人，不用怕跟其他房客相碰撞的問題，是開車去住宿，無提供車位，開車者自行在附近找車位。<br/>有提供電暖爐，也有吸塵器，洗澡洗髮也有提供，在住的期間，房子的主人是不會打擾的，可以放心住宿，有問題也不用怕無人幫忙。<br/>整體來說還是不錯的！
停車,25844726,-2.0,大概就訊息詢問車位的問題回我進停車場就看得到的簡單解說跟廁所配給的衛生紙不是水解材質造成馬桶堵塞還有冷氣永遠不會到達所設定的溫度（就單我住的這間）隔音略差<br/>除了以上 其他房內設備與飯店安全都還滿不錯的
停車,36141258,-2.0,本次為8大6小3車的家族旅遊<br/>1.事前的聯繫：房東於app的留言回覆迅速，取得通訊軟體與電話聯絡方式後溝通起來更即時輕鬆無壓力，並得知有小孩入住主動提供額外的玩具使用。<br/>2.入住當天：房東早早在房源等待，抵達時細心介紹房型與設施，並介紹周邊生活機能與提供交通資訊。<br/>3.房源設備：與圖片相符。臥房
停車,48159574,-2.0,房間如照片樣貌，安靜整潔無異味。<br/>隔音滿差的，如樓上房客吵鬧聽的滿清楚。<br/>離台北地下街停車場走路非常近，靠近y15出口（樓梯），y13出口有電梯（也很近）。24h 180元（推）<br/>整體來說滿好的，熱水夠熱、水量夠大。
停車,728669477726860545,-2.0,2樓的床有點太軟，要到達民宿前需經過一段電單車停車位，夏天的時候該處有比較多小強，而且夜晚不能太吵，鄰居會投訴，除了這些小問題之外都很好，民宿負責人回覆得十分快，有問題基本上他們亦能幫你解決👍🏽
停車,732595649644410995,-2.0,We got bit lost at first as the lift to the apartment was actually inside the shopping building. Lift was not clean as it’s share with complex user. After 11pm 
停車,939528430089956361,-2.0,"Ji's place was fantastic! We were traveling with 4 adults, 2 toddlers, 1 infant and a dog and Ji's place had more than enough space for all of us. The kids love"
停車,1025094486990265825,-2.0,Not bad but not easy to find parking and room was too small and smell was not ok
停車,1130878597043254629,-2.0,有停車位，離捷運站也很近。<br/>所有住宿需要的設備都有，有問題房東都很快回覆。<br/>在這邊的三晚，家人都睡得很好，有機會再到台北，還是會選擇這裡。
停車,1161319299830240630,-2.0,對於入住給予很大的幫助，房間大小合適，適合短期旅遊的人。到五分鋪及饒河街夜市都很近。周圍大馬路可以尋找停車位(40/小時）。小小缺點：房間沒有提供冰箱、電視無法使用、隔音略嫌不好（我家屬於深眠族）。性價比讚讚唷。
停車,1427292739701017883,-2.0,地點在士林夜市附近，房間明亮乾淨，設備有冷暖氣、大衣櫃、大電視、小冰箱、洗衣機、吹風機、熱水壺，停車場找堤外那邊很便宜，附近的都不便宜，服務良好，有問題反映都很快回覆👍
停車,1575122403357077409,-2.0,這裡真的像自己家！三間房大小剛好不用擠，每晚都睡得很好。最愛的是 一樓進出不用爬樓梯，推車跟大件行李超方便，完全不像一般高樓公寓那種麻煩。”<br/>⭐️ “車位是加分項！住在信義這種地段如果有停車位真的很難得，我們整趟旅程都不用煩惱停車問題。房東也回訊快、很熱心介紹周邊吃喝。”
停車,1718240,-1.0,We highly recommend staying at this accommodation! It was a high class facility with a very comfortable apartment having all that’s needed for a short stay: kit
停車,3062366,-1.0,"Kai Muo was very helpful throughout and gave a friendly welcome. His place is as described, and has a large open living kitchen room end to end with a wooden fl"
停車,6196233,-1.0,"This place is exactly as pictured - well designed, decorated, and stocked.  Meet up with Catherine went as expected. I printed a picture of the front of the bui"
停車,7045673,-1.0,是唷喜歡的黑白房間。房間整齊乾淨，市中心，交通便利，不過我除了走路就是搭車，沒坐公共交通，旁邊有捷運和bus。房東人超熱情，雖然沒見面。因為臨街，晚上機車聲此起彼伏，有點嘈雜，然後窗帘遮光度差了點，房間太亮了，我是一個睡眠比較淺的人。床在整個房間裡有點小，1米5寬的應該。
停車,11839710,-1.0,這次是三代同堂入住，本來也有一直想做飯店，他前一晚確實也住飯店，等我們小家庭四個人上去後再與我們一起同住．房子不大，但是應有盡有，尤其這次有有世大運可以看，三代同堂一起幫中華隊加油很棒，附近吃的東西蠻多的，又有超市，全聯．<br/>離東湖捷運站真的非常近，走路約5分鐘左右可到達，開車的話對面也有停車場雖然12個小時要2
停車,12482913,-1.0,The door inn is a haven for any design geek. The amount of effort & attention to details Peifen has put into her Airbnb is truly remarkable. The rooms including
停車,12892380,-1.0,"Irene was a really good host, she was quick to reply to messages and really helpful.  The apartment was very clean and had everything we needed for the weekend "
