neighbourhood_cleansed,room_type,mi,mkt_rate,n_days
中山區,Entire home/apt,1,1.0,124
中山區,Entire home/apt,2,0.3774,14638
中山區,Entire home/apt,3,0.2045,14663
中山區,Entire home/apt,4,0.1416,14190
中山區,Entire home/apt,5,0.2407,14663
中山區,Entire home/apt,6,0.251,14190
中山區,Entire home/apt,7,0.2707,14663
中山區,Entire home/apt,8,0.3914,14663
中山區,Entire home/apt,9,0.3688,13244
中山區,Entire home/apt,10,0.4091,14663
中山區,Entire home/apt,11,0.539,14190
中山區,Entire home/apt,12,0.5326,14663
中山區,Hotel room,1,1.0,9
中山區,Hotel room,2,0.3185,496
中山區,Hotel room,3,0.0907,496
中山區,Hotel room,4,0.1271,480
中山區,Hotel room,5,0.6492,496
中山區,Hotel room,6,0.6562,480
中山區,Hotel room,7,0.6532,496
中山區,Hotel room,8,0.752,496
中山區,Hotel room,9,0.8125,448
中山區,Hotel room,10,0.8125,496
中山區,Hotel room,11,0.8125,480
中山區,Hotel room,12,0.8125,496
中山區,Private room,1,1.0,53
中山區,Private room,2,0.4931,4411
中山區,Private room,3,0.3221,4433
中山區,Private room,4,0.3179,4290
中山區,Private room,5,0.4074,4433
中山區,Private room,6,0.3902,4290
中山區,Private room,7,0.3991,4433
中山區,Private room,8,0.5087,4433
中山區,Private room,9,0.4978,4004
中山區,Private room,10,0.5567,4433
中山區,Private room,11,0.7273,4290
中山區,Private room,12,0.7203,4433
中山區,Shared room,2,1.0,31
中山區,Shared room,3,1.0,31
中山區,Shared room,4,0.0,30
中山區,Shared room,5,0.0,31
中山區,Shared room,6,0.0,30
中山區,Shared room,7,0.129,31
中山區,Shared room,8,1.0,31
中山區,Shared room,9,1.0,28
中山區,Shared room,10,1.0,31
中山區,Shared room,11,1.0,30
中山區,Shared room,12,1.0,31
中正區,Entire home/apt,1,1.0,98
中正區,Entire home/apt,2,0.5943,13053
中正區,Entire home/apt,3,0.3063,13082
中正區,Entire home/apt,4,0.2081,12660
中正區,Entire home/apt,5,0.3247,13082
中正區,Entire home/apt,6,0.3149,12660
中正區,Entire home/apt,7,0.4453,13082
中正區,Entire home/apt,8,0.4755,13082
中正區,Entire home/apt,9,0.4554,11816
中正區,Entire home/apt,10,0.5197,13082
中正區,Entire home/apt,11,0.6239,12660
中正區,Entire home/apt,12,0.6186,13082
中正區,Hotel room,1,1.0,5
中正區,Hotel room,2,0.6275,247
中正區,Hotel room,3,0.2863,248
中正區,Hotel room,4,0.2125,240
中正區,Hotel room,5,0.3548,248
中正區,Hotel room,6,0.2875,240
中正區,Hotel room,7,0.379,248
中正區,Hotel room,8,0.254,248
中正區,Hotel room,9,0.875,224
中正區,Hotel room,10,0.875,248
中正區,Hotel room,11,0.875,240
中正區,Hotel room,12,0.875,248
中正區,Private room,1,1.0,56
中正區,Private room,2,0.6056,7510
中正區,Private room,3,0.464,7564
中正區,Private room,4,0.4676,7320
中正區,Private room,5,0.5058,7564
中正區,Private room,6,0.5137,7320
中正區,Private room,7,0.464,7564
中正區,Private room,8,0.4491,7564
中正區,Private room,9,0.4775,6832
中正區,Private room,10,0.471,7564
中正區,Private room,11,0.5238,7320
中正區,Private room,12,0.5208,7564
中正區,Shared room,1,1.0,12
中正區,Shared room,2,0.4448,2291
中正區,Shared room,3,0.6011,2294
中正區,Shared room,4,0.4514,2220
中正區,Shared room,5,0.4281,2294
中正區,Shared room,6,0.4158,2220
中正區,Shared room,7,0.4076,2294
中正區,Shared room,8,0.3596,2294
中正區,Shared room,9,0.3514,2072
中正區,Shared room,10,0.3514,2294
中正區,Shared room,11,0.3514,2220
中正區,Shared room,12,0.3514,2294
信義區,Entire home/apt,1,1.0,161
信義區,Entire home/apt,2,0.5397,12345
信義區,Entire home/apt,3,0.2699,12369
信義區,Entire home/apt,4,0.1699,11970
信義區,Entire home/apt,5,0.2845,12369
信義區,Entire home/apt,6,0.3144,11970
信義區,Entire home/apt,7,0.3511,12369
信義區,Entire home/apt,8,0.5038,12369
信義區,Entire home/apt,9,0.489,11172
信義區,Entire home/apt,10,0.5193,12369
信義區,Entire home/apt,11,0.6667,11970
信義區,Entire home/apt,12,0.6684,12369
信義區,Hotel room,1,1.0,10
信義區,Hotel room,2,0.3581,310
信義區,Hotel room,3,0.1258,310
信義區,Hotel room,4,0.2367,300
信義區,Hotel room,5,0.9452,310
信義區,Hotel room,6,0.9933,300
信義區,Hotel room,7,1.0,310
信義區,Hotel room,8,1.0,310
信義區,Hotel room,9,1.0,280
信義區,Hotel room,10,1.0,310
信義區,Hotel room,11,1.0,300
信義區,Hotel room,12,1.0,310
信義區,Private room,1,1.0,52
信義區,Private room,2,0.4091,4605
信義區,Private room,3,0.2773,4619
信義區,Private room,4,0.1758,4470
信義區,Private room,5,0.341,4619
信義區,Private room,6,0.3136,4470
信義區,Private room,7,0.3362,4619
信義區,Private room,8,0.4531,4619
信義區,Private room,9,0.4516,4172
信義區,Private room,10,0.4505,4619
信義區,Private room,11,0.5772,4470
信義區,Private room,12,0.5772,4619
信義區,Shared room,1,1.0,1
信義區,Shared room,2,1.0,31
信義區,Shared room,3,1.0,31
信義區,Shared room,4,0.0,30
信義區,Shared room,5,0.0,31
信義區,Shared room,6,0.0,30
信義區,Shared room,7,0.0,31
信義區,Shared room,8,0.0,31
信義區,Shared room,9,0.0,28
信義區,Shared room,10,0.0,31
信義區,Shared room,11,0.0,30
信義區,Shared room,12,0.0,31
內湖區,Entire home/apt,1,1.0,16
內湖區,Entire home/apt,2,0.4687,766
內湖區,Entire home/apt,3,0.2245,775
內湖區,Entire home/apt,4,0.232,750
內湖區,Entire home/apt,5,0.1548,775
內湖區,Entire home/apt,6,0.12,750
內湖區,Entire home/apt,7,0.2116,775
內湖區,Entire home/apt,8,0.4026,775
內湖區,Entire home/apt,9,0.3786,700
內湖區,Entire home/apt,10,0.3652,775
內湖區,Entire home/apt,11,0.52,750
內湖區,Entire home/apt,12,0.52,775
內湖區,Private room,1,1.0,17
內湖區,Private room,2,0.5434,587
內湖區,Private room,3,0.4075,589
內湖區,Private room,4,0.1947,570
內湖區,Private room,5,0.107,589
內湖區,Private room,6,0.1579,570
內湖區,Private room,7,0.2139,589
內湖區,Private room,8,0.5263,589
內湖區,Private room,9,0.5263,532
內湖區,Private room,10,0.5552,589
內湖區,Private room,11,0.7368,570
內湖區,Private room,12,0.7368,589
北投區,Entire home/apt,1,1.0,30
北投區,Entire home/apt,2,0.4263,990
北投區,Entire home/apt,3,0.2278,992
北投區,Entire home/apt,4,0.2281,960
北投區,Entire home/apt,5,0.3448,992
北投區,Entire home/apt,6,0.3146,960
北投區,Entire home/apt,7,0.2298,992
北投區,Entire home/apt,8,0.2389,992
北投區,Entire home/apt,9,0.2567,896
北投區,Entire home/apt,10,0.2712,992
北投區,Entire home/apt,11,0.401,960
北投區,Entire home/apt,12,0.375,992
北投區,Private room,1,1.0,20
北投區,Private room,2,0.2838,680
北投區,Private room,3,0.1261,682
北投區,Private room,4,0.3121,660
北投區,Private room,5,0.3416,682
北投區,Private room,6,0.6455,660
北投區,Private room,7,0.6452,682
北投區,Private room,8,0.6848,682
北投區,Private room,9,0.6818,616
北投區,Private room,10,0.6994,682
北投區,Private room,11,0.8561,660
北投區,Private room,12,0.8636,682
北投區,Shared room,1,1.0,4
北投區,Shared room,2,0.0806,124
北投區,Shared room,3,0.121,124
北投區,Shared room,4,0.0,120
北投區,Shared room,5,0.0,124
北投區,Shared room,6,0.0,120
北投區,Shared room,7,0.0645,124
北投區,Shared room,8,0.0645,124
北投區,Shared room,9,0.0,112
北投區,Shared room,10,0.0,124
北投區,Shared room,11,0.8333,120
北投區,Shared room,12,1.0,124
南港區,Entire home/apt,1,1.0,20
南港區,Entire home/apt,2,0.5253,712
南港區,Entire home/apt,3,0.4053,713
南港區,Entire home/apt,4,0.129,690
南港區,Entire home/apt,5,0.2539,713
南港區,Entire home/apt,6,0.2145,690
南港區,Entire home/apt,7,0.3268,713
南港區,Entire home/apt,8,0.5091,713
南港區,Entire home/apt,9,0.4239,644
南港區,Entire home/apt,10,0.46,713
南港區,Entire home/apt,11,0.6493,690
南港區,Entire home/apt,12,0.6508,713
南港區,Private room,1,1.0,15
南港區,Private room,2,0.4434,645
南港區,Private room,3,0.2427,651
南港區,Private room,4,0.1683,630
南港區,Private room,5,0.2811,651
南港區,Private room,6,0.2381,630
南港區,Private room,7,0.2381,651
南港區,Private room,8,0.2381,651
南港區,Private room,9,0.2381,588
南港區,Private room,10,0.2381,651
南港區,Private room,11,0.2381,630
南港區,Private room,12,0.2381,651
南港區,Shared room,1,1.0,2
南港區,Shared room,2,0.5,62
南港區,Shared room,3,0.5,62
南港區,Shared room,4,0.0,60
南港區,Shared room,5,0.0,62
南港區,Shared room,6,0.0,60
南港區,Shared room,7,0.0645,62
南港區,Shared room,8,0.5,62
南港區,Shared room,9,0.5,56
南港區,Shared room,10,0.5,62
南港區,Shared room,11,0.5,60
南港區,Shared room,12,0.5,62
士林區,Entire home/apt,1,1.0,90
士林區,Entire home/apt,2,0.5312,3360
士林區,Entire home/apt,3,0.3906,3379
士林區,Entire home/apt,4,0.274,3270
士林區,Entire home/apt,5,0.3202,3379
士林區,Entire home/apt,6,0.326,3270
士林區,Entire home/apt,7,0.4247,3379
士林區,Entire home/apt,8,0.6233,3379
士林區,Entire home/apt,9,0.6022,3052
士林區,Entire home/apt,10,0.5839,3379
士林區,Entire home/apt,11,0.7248,3270
士林區,Entire home/apt,12,0.7248,3379
士林區,Private room,1,1.0,43
士林區,Private room,2,0.3661,1423
士林區,Private room,3,0.2882,1426
士林區,Private room,4,0.2043,1380
士林區,Private room,5,0.3682,1426
士林區,Private room,6,0.3471,1380
士林區,Private room,7,0.3226,1426
士林區,Private room,8,0.3289,1426
士林區,Private room,9,0.3245,1288
士林區,Private room,10,0.3303,1426
士林區,Private room,11,0.4449,1380
士林區,Private room,12,0.446,1426
士林區,Shared room,1,1.0,19
士林區,Shared room,2,0.7647,680
士林區,Shared room,3,0.6921,682
士林區,Shared room,4,0.2333,660
士林區,Shared room,5,0.1613,682
士林區,Shared room,6,0.0909,660
士林區,Shared room,7,0.0909,682
士林區,Shared room,8,0.0909,682
士林區,Shared room,9,0.0909,616
士林區,Shared room,10,0.0909,682
士林區,Shared room,11,0.0909,660
士林區,Shared room,12,0.0909,682
大同區,Entire home/apt,1,1.0,111
大同區,Entire home/apt,2,0.61,6743
大同區,Entire home/apt,3,0.3338,6758
大同區,Entire home/apt,4,0.2239,6540
大同區,Entire home/apt,5,0.3871,6758
大同區,Entire home/apt,6,0.4021,6540
大同區,Entire home/apt,7,0.4236,6758
大同區,Entire home/apt,8,0.5518,6758
大同區,Entire home/apt,9,0.539,6104
大同區,Entire home/apt,10,0.5478,6758
大同區,Entire home/apt,11,0.7298,6540
大同區,Entire home/apt,12,0.7248,6758
大同區,Hotel room,1,1.0,3
大同區,Hotel room,2,0.5806,701
大同區,Hotel room,3,0.3422,713
大同區,Hotel room,4,0.3043,690
大同區,Hotel room,5,0.3114,713
大同區,Hotel room,6,0.3087,690
大同區,Hotel room,7,0.4165,713
大同區,Hotel room,8,0.2539,713
大同區,Hotel room,9,0.3478,644
大同區,Hotel room,10,0.3478,713
大同區,Hotel room,11,0.3478,690
大同區,Hotel room,12,0.7826,713
大同區,Private room,1,1.0,40
大同區,Private room,2,0.4703,1950
大同區,Private room,3,0.2023,1953
大同區,Private room,4,0.2116,1890
大同區,Private room,5,0.318,1953
大同區,Private room,6,0.255,1890
大同區,Private room,7,0.256,1953
大同區,Private room,8,0.5914,1953
大同區,Private room,9,0.5828,1764
大同區,Private room,10,0.5888,1953
大同區,Private room,11,0.7127,1890
大同區,Private room,12,0.7163,1953
大同區,Shared room,1,1.0,3
大同區,Shared room,2,0.1923,650
大同區,Shared room,3,0.0154,651
大同區,Shared room,4,0.0587,630
大同區,Shared room,5,0.0,651
大同區,Shared room,6,0.0,630
大同區,Shared room,7,0.0184,651
大同區,Shared room,8,0.0614,651
大同區,Shared room,9,0.0476,588
大同區,Shared room,10,0.1029,651
大同區,Shared room,11,0.4762,630
大同區,Shared room,12,0.5238,651
大安區,Entire home/apt,1,1.0,268
大安區,Entire home/apt,2,0.6371,17893
大安區,Entire home/apt,3,0.3192,17949
大安區,Entire home/apt,4,0.225,17370
大安區,Entire home/apt,5,0.3413,17949
大安區,Entire home/apt,6,0.3431,17370
大安區,Entire home/apt,7,0.3702,17949
大安區,Entire home/apt,8,0.4494,17949
大安區,Entire home/apt,9,0.4361,16212
大安區,Entire home/apt,10,0.4512,17949
大安區,Entire home/apt,11,0.5592,17370
大安區,Entire home/apt,12,0.5494,17949
大安區,Hotel room,1,1.0,1
大安區,Hotel room,2,0.8182,121
大安區,Hotel room,3,0.871,124
大安區,Hotel room,4,0.8,120
大安區,Hotel room,5,1.0,124
大安區,Hotel room,6,1.0,120
大安區,Hotel room,7,1.0,124
大安區,Hotel room,8,1.0,124
大安區,Hotel room,9,1.0,112
大安區,Hotel room,10,1.0,124
大安區,Hotel room,11,1.0,120
大安區,Hotel room,12,1.0,124
大安區,Private room,1,1.0,77
大安區,Private room,2,0.5905,8946
大安區,Private room,3,0.4312,9021
大安區,Private room,4,0.4309,8730
大安區,Private room,5,0.4455,9021
大安區,Private room,6,0.4527,8730
大安區,Private room,7,0.3496,9021
大安區,Private room,8,0.3593,9021
大安區,Private room,9,0.3614,8148
大安區,Private room,10,0.3645,9021
大安區,Private room,11,0.5395,8730
大安區,Private room,12,0.5364,9021
大安區,Shared room,1,1.0,7
大安區,Shared room,2,0.505,402
大安區,Shared room,3,0.3573,403
大安區,Shared room,4,0.2333,390
大安區,Shared room,5,0.3846,403
大安區,Shared room,6,0.3846,390
大安區,Shared room,7,0.3375,403
大安區,Shared room,8,0.3449,403
大安區,Shared room,9,0.3077,364
大安區,Shared room,10,0.3077,403
大安區,Shared room,11,0.3077,390
大安區,Shared room,12,0.3846,403
文山區,Entire home/apt,1,1.0,39
文山區,Entire home/apt,2,0.5145,1209
文山區,Entire home/apt,3,0.2796,1209
文山區,Entire home/apt,4,0.2205,1170
文山區,Entire home/apt,5,0.6402,1209
文山區,Entire home/apt,6,0.5906,1170
文山區,Entire home/apt,7,0.5997,1209
文山區,Entire home/apt,8,0.5873,1209
文山區,Entire home/apt,9,0.6016,1092
文山區,Entire home/apt,10,0.6121,1209
文山區,Entire home/apt,11,0.6966,1170
文山區,Entire home/apt,12,0.6923,1209
文山區,Private room,1,1.0,29
文山區,Private room,2,0.5533,929
文山區,Private room,3,0.3,930
文山區,Private room,4,0.3167,900
文山區,Private room,5,0.6376,930
文山區,Private room,6,0.6333,900
文山區,Private room,7,0.6043,930
文山區,Private room,8,0.6,930
文山區,Private room,9,0.5357,840
文山區,Private room,10,0.5505,930
文山區,Private room,11,0.6667,900
文山區,Private room,12,0.6667,930
文山區,Shared room,1,1.0,2
文山區,Shared room,2,0.2903,62
文山區,Shared room,3,0.1935,62
文山區,Shared room,4,0.0833,60
文山區,Shared room,5,0.0645,62
文山區,Shared room,6,0.0667,60
文山區,Shared room,7,0.129,62
文山區,Shared room,8,0.5645,62
文山區,Shared room,9,0.5714,56
文山區,Shared room,10,0.5323,62
文山區,Shared room,11,0.5333,60
文山區,Shared room,12,0.5323,62
松山區,Entire home/apt,1,1.0,97
松山區,Entire home/apt,2,0.5912,4393
松山區,Entire home/apt,3,0.2842,4402
松山區,Entire home/apt,4,0.1739,4260
松山區,Entire home/apt,5,0.2428,4402
松山區,Entire home/apt,6,0.2768,4260
松山區,Entire home/apt,7,0.3671,4402
松山區,Entire home/apt,8,0.495,4402
松山區,Entire home/apt,9,0.4572,3976
松山區,Entire home/apt,10,0.4527,4402
松山區,Entire home/apt,11,0.5493,4260
松山區,Entire home/apt,12,0.5527,4402
松山區,Hotel room,1,1.0,12
松山區,Hotel room,2,0.5249,522
松山區,Hotel room,3,0.3321,527
松山區,Hotel room,4,0.3118,510
松山區,Hotel room,5,0.3454,527
松山區,Hotel room,6,0.3549,510
松山區,Hotel room,7,0.6964,527
松山區,Hotel room,8,1.0,527
松山區,Hotel room,9,1.0,476
松山區,Hotel room,10,1.0,527
松山區,Hotel room,11,1.0,510
松山區,Hotel room,12,1.0,527
松山區,Private room,1,1.0,16
松山區,Private room,2,0.4,710
松山區,Private room,3,0.2342,713
松山區,Private room,4,0.1565,690
松山區,Private room,5,0.223,713
松山區,Private room,6,0.1971,690
松山區,Private room,7,0.2665,713
松山區,Private room,8,0.3212,713
松山區,Private room,9,0.3043,644
松山區,Private room,10,0.3548,713
松山區,Private room,11,0.6957,690
松山區,Private room,12,0.6957,713
萬華區,Entire home/apt,1,1.0,50
萬華區,Entire home/apt,2,0.5011,32688
萬華區,Entire home/apt,3,0.2363,32705
萬華區,Entire home/apt,4,0.174,31650
萬華區,Entire home/apt,5,0.353,32705
萬華區,Entire home/apt,6,0.377,31650
萬華區,Entire home/apt,7,0.4704,32705
萬華區,Entire home/apt,8,0.6732,32705
萬華區,Entire home/apt,9,0.6704,29540
萬華區,Entire home/apt,10,0.6775,32705
萬華區,Entire home/apt,11,0.7902,31650
萬華區,Entire home/apt,12,0.784,32705
萬華區,Hotel room,2,0.2661,124
萬華區,Hotel room,3,0.0726,124
萬華區,Hotel room,4,0.0083,120
萬華區,Hotel room,5,0.0323,124
萬華區,Hotel room,6,0.075,120
萬華區,Hotel room,7,0.0565,124
萬華區,Hotel room,8,0.0161,124
萬華區,Hotel room,9,0.0,112
萬華區,Hotel room,10,0.0,124
萬華區,Hotel room,11,0.0,120
萬華區,Hotel room,12,0.0,124
萬華區,Private room,1,1.0,7
萬華區,Private room,2,0.3505,4391
萬華區,Private room,3,0.2133,4402
萬華區,Private room,4,0.2406,4260
萬華區,Private room,5,0.3371,4402
萬華區,Private room,6,0.3174,4260
萬華區,Private room,7,0.425,4402
萬華區,Private room,8,0.5245,4402
萬華區,Private room,9,0.548,3976
萬華區,Private room,10,0.592,4402
萬華區,Private room,11,0.7155,4260
萬華區,Private room,12,0.7144,4402
萬華區,Shared room,2,0.0394,279
萬華區,Shared room,3,0.0108,279
萬華區,Shared room,4,0.0,270
萬華區,Shared room,5,0.0,279
萬華區,Shared room,6,0.0,270
萬華區,Shared room,7,0.129,279
萬華區,Shared room,8,0.0502,279
萬華區,Shared room,9,0.0278,252
萬華區,Shared room,10,0.0358,279
萬華區,Shared room,11,0.2222,270
萬華區,Shared room,12,0.2222,279
