lat,lon,name,address
25.052137,121.555235,榮星藥局,臺北市松山區南京東路４段１３３巷５弄１號
25.05214,121.555562,安世藥局,臺北市松山區南京東路４段１３３巷５弄９號
25.052704,121.558168,明一藥局,臺北市松山區南京東路５段５９巷２８弄２５號１樓
25.049139,121.547337,傑安藥局,臺北市松山區八德路２段４３７巷７弄８號１樓
25.059485,121.546586,仁弘藥局,臺北市松山區民生東路３段１１３巷２５弄６號１樓
25.063269,121.544911,健全藥局,臺北市松山區民權東路３段１０３巷２０號
25.053638,121.560748,合生藥局,臺北市松山區南京東路５段１２３巷４５號１樓
25.058364,121.559049,上允藥局,臺北市松山區民生東路５段７８號
25.059943,121.547103,萬泰藥局,臺北市松山區敦化北路２２２巷３８號
25.050063,121.544742,博荃藥局,臺北市松山區敦化北路４巷５１號
25.061186,121.564944,予志藥局,臺北市松山區富錦街５２１號
25.050207,121.576644,婕登藥局,臺北市松山區八德路４段６９９號
25.049137,121.555326,晨安藥局,臺北市松山區八德路３段１５５巷２０弄２號
25.047242,121.545925,銘德藥局,臺北市松山區八德路２段３６６巷２８號
25.048117,121.558111,立康大藥局,臺北市松山區八德路四段２－１號
25.04979,121.576092,躍獅松和藥局,臺北市松山區八德路四段６６６－１號
25.05114,121.566945,京東藥局,臺北市松山區南京東路五段２７２號
25.051715,121.559562,躍獅京華藥局,臺北市松山區南京東路５段７１號
25.056197,121.556217,綠之家藥局,臺北市松山區延壽街４２８號
25.048196,121.556637,唯康藥局,臺北市松山區八德路３段２１１號
25.059447,121.547743,立赫敦北藥局,臺北市松山區敦化北路２２２巷２０號
25.060785,121.563097,富景藥局,臺北市松山區三民路１４５號
25.05931,121.56693,健康活力藥師藥局,臺北市松山區民生東路５段２１９號
25.049197,121.563947,啄木鳥藥局,臺北市松山區八德路４段２０９號、２１１號（１、２層）
25.050178,121.575529,玖田藥局,臺北市松山區八德路４段６５５號
25.051077,121.569309,一安正昇藥局,臺北市松山區南京東路５段３０９號
25.048043,121.54657,松山八德藥局,臺北市松山區八德路２段４００號
25.050743,121.577035,新德大藥局,臺北市松山區饒河街２０４號
25.055685,121.550038,杏一台北長庚藥局,臺北市松山區敦化北路１９９巷２弄３號
25.057856,121.55223,立赫民生藥局,臺北市松山區民生東路４段７２號
25.052005,121.566247,佑全松山南京東藥局,臺北市松山區南京東路５段２９１巷７號
25.053739,121.546812,康麗藥局,臺北市松山區南京東路３段３０３巷２０號（１樓）
25.022541,121.542921,靜園藥局,臺北市大安區和平東路２段１１８巷５７之１號
25.040657,121.554791,延吉大藥局,臺北市大安區延吉街１５３號１樓
25.018166,121.532433,燕福藥局,臺北市大安區羅斯福路３段２８３巷１４弄１４號之３
25.034014,121.545445,龍護大藥局,臺北市大安區大安路１段２２４巷７號１Ｆ
25.030107,121.551733,泰佑藥局,臺北市大安區安和路２段７２號１Ｆ
25.028455,121.545447,四維藥局,臺北市大安區復興南路２段１５１巷４３號１樓
25.019031,121.531295,羅斯福藥局,臺北市大安區羅斯福路３段２８３巷９弄３號
25.02866,121.540809,赫慶藥局,臺北市大安區瑞安街２０８巷１１弄５號１樓
25.022564,121.529203,順天堂藥局,臺北市大安區龍泉街９６號
25.030555,121.555477,大興藥局,臺北市大安區通化街３９巷５０弄１５號１樓
25.021742,121.554342,建如藥局,臺北市大安區和平東路３段２２８巷１１號１Ｆ
25.041353,121.541207,生光藥局,臺北市大安區忠孝東路３段２４８巷２號
25.032891,121.528995,永康藥局,臺北市大安區麗水街６之２號
25.033154,121.529407,世中欣藥局,臺北市大安區永康街２巷８號
25.041255,121.540265,加豐藥局,臺北市大安區忠孝東路３段２１６巷３弄１號１樓
25.032246,121.529038,麗樺藥師藥局,臺北市大安區麗水街３號
25.034332,121.551941,安和藥局,臺北市大安區安和路１段１０２巷３號
25.037083,121.55613,佑安藥局,臺北市大安區延吉街２３３巷９號
25.043494,121.545787,弘昇藥局,臺北市大安區復興南路１段１０７巷３２號
25.022971,121.541193,惠盈藥局,臺北市大安區辛亥路２段１７１巷３１號
25.037308,121.546319,聯合仁愛藥局,臺北市大安區大安路１段１５７巷３號
25.021906,121.554876,一心藥局,臺北市大安區和平東路３段２３８號
25.036542,121.553997,聖英藥局,臺北市大安區仁愛路４段２６６巷１５弄１８號
25.034545,121.534662,元氣生活健保藥局,臺北市大安區新生南路１段１６１巷６號
25.034806,121.538211,康乃馨藥局,臺北市大安區建國南路１段３２７號
25.024615,121.550727,惠良藥局,臺北市大安區和平東路３段９３－１號
25.041856,121.540036,誠心藥局,臺北市大安區忠孝東路３段１９９－１號
25.020856,121.554935,安居藥局,臺北市大安區安居街１９號
25.025664,121.536221,躍獅新生藥局,臺北市大安區和平東路２段２０號
25.034007,121.534458,微笑藥師藥局,臺北市大安區信義路３段３１巷４號
25.023386,121.531152,奇威藥局,臺北市大安區雲和街９３號
25.018343,121.551094,仁華藥局,臺北市大安區臥龍街１５５號
25.028319,121.543998,麗泰藥局,臺北市大安區復興南路２段１５１巷４號
25.019585,121.553459,杏一樂業藥局,臺北市大安區樂業街１６２號
25.040086,121.534581,昶青藥局,臺北市大安區濟南路３段２２之１號
25.036554,121.553185,杏一台北國泰藥局,臺北市大安區仁愛路４段２６６巷１５弄４號
25.042668,121.550149,沛林東區生活藥粧藥局,臺北市大安區忠孝東路４段１８１巷７弄５號
25.025681,121.52827,太醫藥局,臺北市大安區師大路１２號
25.034246,121.550022,康維健保藥局,臺北市大安區敦化南路１段３２９巷１５號
25.040254,121.553063,康祥藥局,臺北市大安區忠孝東路４段２１６巷２１號
25.028648,121.539578,早安藥局,臺北市大安區建國南路２段１５１巷４２號１樓
25.058322,121.51013,慈仁藥局,臺北市大同區歸綏街２６１號１樓
25.055808,121.509909,三銘大藥局,臺北市大同區迪化街１段８０號
25.074519,121.514367,柯藥局,臺北市大同區重慶北路３段３３５巷６號
25.053557,121.519115,時春藥局,臺北市大同區赤峰街４號
25.05485,121.515044,建祥藥局,臺北市大同區寧夏路１７號、１７－１號
25.06806,121.511035,正利民藥局,臺北市大同區延平北路３段１０５號
25.07303,121.514619,泰元藥局,臺北市大同區哈密街９１號
25.053588,121.507656,快安藥局,臺北市大同區南京西路２８２、２８４號
25.060289,121.511467,得意藥師藥局,臺北市大同區延平北路２段２２９號
25.068722,121.515522,健康美藥局,臺北市大同區民族西路１６５號
25.060653,121.515832,儷安藥局,臺北市大同區錦西街５３巷１６號
25.057334,121.511459,富康藥局,臺北市大同區延平北路２段１２６號
25.070609,121.515833,佳禾藥局,臺北市大同區大龍街２６２號
25.064747,121.511201,延平新聖安藥局,臺北市大同區延平北路３段３５號
25.057618,121.519369,德芳藥局,臺北市大同區民生西路９１號
25.050354,121.510788,中興聯合藥局,臺北市大同區鄭州路１２７號（實際營業地址：１樓）
25.053696,121.510636,躍獅遠東藥局,臺北市大同區延平北路２段１３１號（實際營業地址：１樓）
25.0574,121.519676,躍獅文昌藥局,臺北市大同區民生西路１０８號（實際營業：一層）
25.05036,121.519732,春鄰藥局,臺北市大同區長安西路３５號（實際營業樓層：１層）
25.065839,121.514281,新聖安藥局,臺北市大同區昌吉街１３０號
25.048572,121.532247,百源堂大藥局,臺北市中山區長安東路２段４７－５號
25.055049,121.540284,名祥藥局,臺北市中山區龍江路１６６號
25.051699,121.525542,大信藥局,臺北市中山區林森北路１５９巷６號
25.055022,121.526587,明美藥局,臺北市中山區長春路６９號
25.060253,121.53475,順泰藥局,臺北市中山區錦州街２６６號
25.051448,121.534655,滿順藥局,臺北市中山區伊通街５４號１樓
25.062067,121.531314,長生藥局,臺北市中山區松江路３６２巷５５號１樓
25.057935,121.524223,優豐藥局,臺北市中山區民生東路１段３２號
25.054818,121.525629,能康藥局,臺北市中山區長春路４６號
25.063669,121.521567,良佑藥局,臺北市中山區撫順街６－２號１樓
25.056207,121.541887,長青藥局,臺北市中山區興安街５５號１樓
25.082728,121.548838,大直藥局,臺北市中山區北安路６１７號１樓
25.051364,121.523274,美日藥局,臺北市中山區天津街６６號１樓
25.066075,121.540088,文德藥局,臺北市中山區龍江路３５６巷１９號１樓
25.054728,121.531711,展佑藥局,臺北市中山區長春路１４６－１號
25.051419,121.525087,祥泰藥局,臺北市中山區林森北路１３６號
25.060326,121.538508,嘉恩藥局,臺北市中山區錦州街３２１號
25.08014,121.547952,樂活苑藥局,臺北市中山區北安路５４６號１樓
25.061647,121.530392,大愛藥師藥局,臺北市中山區吉林路２５５號１樓
25.061269,121.525478,久大藥局,臺北市中山區林森北路４８０號
25.058248,121.521673,華康藥局,臺北市中山區民生西路３巷２之１號
25.065007,121.52454,躍獅晴光藥局,臺北市中山區農安街２３之２號
25.066522,121.530042,德惠藥局,臺北市中山區德惠街１２２號
25.048426,121.54068,金生藥局,臺北市中山區長安東路２段１６７－１號
25.051434,121.521402,興康源藥局,臺北市中山區中山北路１段１４０巷８號
25.048385,121.542569,正傑健保藥局,臺北市中山區長安東路２段１８１號
25.06024,121.521574,錦西春天生活藥局,臺北市中山區錦西街１０號
25.081912,121.549291,保德明水藥局,臺北市中山區北安路６０８巷４弄１號
25.081944,121.548643,大直健康藥局,臺北市中山區北安路５９１號
25.056155,121.543465,OK藥師藥局,臺北市中山區興安街９５號
25.050182,121.526852,昶青林森藥局,臺北市中山區林森北路１１９巷５２號
25.065299,121.525798,麗恩藥局,臺北市中山區林森北路５７５之５號
25.065106,121.541046,建誠中西藥局,臺北市中山區龍江路３８５之１號
25.062326,121.525506,仁一藥局,臺北市中山區林森北路５２０號
25.08241,121.548762,大直小太陽藥局,臺北市中山區北安路６０７之１號
25.082382,121.549061,美康正康藥局,臺北市中山區北安路６１６之１號、６１８號２樓之１
25.064832,121.524773,農安藥局,臺北市中山區農安街１８之１號
25.065323,121.540871,禾全藥局,臺北市中山區龍江路３３２號
25.077228,121.585191,永安藥局,臺北市內湖區文德路２１０巷３０弄４８號
25.08168,121.572833,富山藥局,臺北市內湖區麗山街３６４巷２號１樓
25.069705,121.612468,明湖藥局,臺北市內湖區東湖路７巷２７號１Ｆ
25.067378,121.590855,宏光藥局,臺北市內湖區成功路２段２２１號１樓
25.08033,121.591996,杏佳藥局,臺北市內湖區康寧路１段５１號
25.06785,121.615788,安康藥局,臺北市內湖區安康路４８２號
25.079246,121.578502,至康藥局,臺北市內湖區內湖路１段７３７巷１９弄１號
25.085443,121.559897,文新藥局,臺北市內湖區文湖街７－５號１樓
25.079637,121.57742,匯安藥局,臺北市內湖區內湖路１段７０３之１號
25.069879,121.617002,富康東湖藥局,臺北市內湖區東湖路１１９巷４９弄１６號
25.081206,121.593226,思恩藥局,臺北市內湖區成功路４段６１巷２６號
25.081666,121.592084,早安元氣藥局,臺北市內湖區成功路４段５３號１樓
25.068664,121.587698,展恩藥局,臺北市內湖區民權東路６段１３６巷４號
25.084879,121.599638,壹零捌藥局,臺北市內湖區成功路４段３４４號
25.0681,121.617366,昇龍藥局,臺北市內湖區東湖路１５１號
25.083185,121.591667,桔子藥局,臺北市內湖區內湖路２段３３３號
25.085935,121.590203,晟安藥局,臺北市內湖區金龍路１３５號
25.071555,121.612039,宜昇優良藥局,臺北市內湖區康寧路３段１６５巷１０號
25.081803,121.589045,傑昇藥局,臺北市內湖區內湖路２段２２７號
25.054657,121.579693,新安健保藥局,臺北市內湖區新明路４０２號
25.081072,121.590993,大內湖藥局,臺北市內湖區成功路３段１６４號１樓
25.086408,121.5909,樂齡藥師藥局,臺北市內湖區內湖路３段１０３號
25.084566,121.596105,晶龍藥局,臺北市內湖區成功路４段２１８號
25.080289,121.591774,安安藥局,臺北市內湖區康寧路１段４號１樓
25.0822,121.569261,西湖藥局,臺北市內湖區內湖路１段３５５號
25.081434,121.590636,維安藥局,臺北市內湖區成功路３段１７４巷２３號
25.056608,121.605542,旭村藥局,臺北市南港區興華路１１２號
25.044334,121.583448,裕成藥局,臺北市南港區玉成街１６６巷１３號
25.054292,121.592216,新錦安藥局,臺北市南港區南港路３段３４號
25.045108,121.584086,仁泰藥局,臺北市南港區同德路２８號
25.054251,121.605398,加欣藥局,臺北市南港區南港路２段２６號
25.043288,121.583168,祥安藥局,臺北市南港區中坡南路２５號
25.054014,121.61657,健園藥局,臺北市南港區研究院路１段１９號１樓
25.051809,121.616512,富康活力藥局,臺北市南港區研究院路１段１０１巷８號
25.055447,121.606059,亞博藥師藥局,臺北市南港區興華路８１號
25.045397,121.6152,佳龍藥局,臺北市南港區研究院路２段８０號
25.045698,121.58529,儀安健保藥局,臺北市南港區同德路７４號
25.055359,121.611883,南港藥局,臺北市南港區南港路一段１６６號
25.037849,121.616894,順翔藥局,臺北市南港區研究院路２段１７０號
25.054342,121.592399,景星藥局,臺北市南港區南港路３段２６號
25.044727,121.586734,成恩藥局,臺北市南港區成福路２３號
25.039483,121.587984,小藥師健保藥局,臺北市南港區福德街３２０之１號
25.046922,121.581777,心亮藥局,臺北市南港區玉成街６６之７號
25.039491,121.621117,勝安藥局,臺北市南港區舊莊街１段１６５號
25.097156,121.523331,南風藥局,臺北市士林區美崙街１９號１樓
25.0971449,121.5234101,菁安藥局,臺北市士林區美侖街１３號１樓
25.103977,121.520621,新興藥局,臺北市士林區德行西路１１７號
25.089956,121.516172,坤成泰藥局,臺北市士林區大南路４１２號
25.117637,121.532249,杏城藥局,臺北市士林區天母東路２４號
25.095622,121.521553,佳赫藥局,臺北市士林區文昌路６２號
25.088981,121.526009,士林三安藥局,臺北市士林區大南路１１號
25.0955096,121.5236009,博惠藥局,臺北市士林區華榮街１６號
25.082512,121.51013,太安藥局,臺北市士林區延平北路５段１５７號
25.111678,121.526737,日康藥局,臺北市士林區士東路１２號１樓
25.082846,121.519909,安寧藥局,臺北市士林區劍潭路９１號
25.108967,121.531665,天母大和藥師藥局,臺北市士林區德行東路１８９－１號１樓
25.119313,121.527376,今欣藥局,臺北市士林區天母西路４１巷９號１樓
25.081072,121.522022,資生堂藥局,臺北市士林區承德路４段４０巷１７號１Ｆ
25.081694,121.510565,社子全民藥局,臺北市士林區延平北路５段１２０號
25.118636,121.531073,康華藥局,臺北市士林區中山北路７段１４巷２號２樓
25.088771,121.509901,達揚藥局,臺北市士林區社正路３６號１樓
25.084438,121.522772,和樹藥局,臺北市士林區後港街４５巷１號１樓
25.086279,121.509549,三光藥局,臺北市士林區延平北路５段３２０號１樓
25.087878,121.508764,博信藥局,臺北市士林區延平北路６段６１號
25.087495,121.507966,芳圓藥局,臺北市士林區社子街２６－１號
25.105058,121.522685,柏雅大藥局,臺北市士林區德行西路６４號
25.108121,121.528394,幸福藥局,臺北市士林區德行東路１０９巷８號
25.090564,121.520033,聖賢藥局,臺北市士林區士商路５８號
25.084827,121.509683,健揚藥局,臺北市士林區延平北路５段２５１號
25.088874,121.518016,大南春天生活藥局,臺北市士林區大南路３１７、３１９號
25.087513,121.506745,祥新藥局,臺北市士林區社子街６５號
25.118348,121.526217,天母台安藥局,臺北市士林區天母西路３４號
25.088494,121.519941,華齡春天生活藥局,臺北市士林區華齡街３６、３８號
25.107302,121.527464,德行春天生活藥局,臺北市士林區德行東路７６號
25.111562,121.528778,家安健保藥局,臺北市士林區德行東路１０９巷１１９號
25.088502,121.521473,愛佳藥局,臺北市士林區承德路４段２２２之１號
25.080338,121.509931,安奕藥局,臺北市士林區葫蘆街３０巷１２號
25.109385,121.532885,全予藥局,臺北市士林區德行東路２２１號
25.090366,121.525679,太和堂中西藥局,臺北市士林區大東路７４號（實際使用：１樓）
25.107587,121.525201,佩佩藥局,臺北市士林區中山北路６段１８２號
25.10357,121.52273,躍獅芝山藥局,臺北市士林區福華路１５４號（實際使用：１樓）
25.118845,121.532774,藥本家藥局,臺北市士林區中山北路７段１４巷２６號１樓
25.113297,121.510583,石牌藥局,臺北市北投區石牌路１段４９號
25.111918,121.515515,天蓮藥局,臺北市北投區石牌路１段１６６巷１１５號
25.110859,121.515267,丸三大藥局,臺北市北投區自強街１０５號
25.110863,121.520643,進春藥局,臺北市北投區明德路１５１號
25.117921,121.516637,川秀藥局,臺北市北投區石牌路２段９９巷９號１樓
25.119352,121.46682,新祥藥局,臺北市北投區知行路２０８號－１
25.128426,121.469233,昌源藥局,臺北市北投區中央北路４段４８５號
25.126125,121.508068,九福藥局,臺北市北投區公館路２３６號
25.112188,121.519338,弘安藥局,臺北市北投區懷德街３３號１樓
25.112308,121.519911,名山藥局,臺北市北投區東陽街４７５號１樓
25.131565,121.501464,明華藥局,臺北市北投區清江路８號（實際使用：１樓）
25.109399,121.519607,美康藥局,臺北市北投區明德路９０號１樓
25.14108,121.499763,康揚藥局,臺北市北投區中和街３２２號
25.111205,121.516064,國泰藥師藥局,臺北市北投區自強街１３９－１號
25.110746,121.515459,長宜藥局,臺北市北投區自強街１１２號
25.135663,121.503295,大家藥局,臺北市北投區光明路１８２號
25.130443,121.501704,杏嘉藥局,臺北市北投區清江路６８號
25.112622,121.514979,小豬藥局,臺北市北投區東陽街４０３號１樓
25.130151,121.501195,鴻恩藥局,臺北市北投區中央南路１段１２９號
25.115209,121.508706,天禧大藥局,臺北市北投區實踐街３５號
25.122144,121.467192,萬信藥局,臺北市北投區知行路３０５號（實際使用１樓）
25.131345,121.501126,北投春天藥局,臺北市北投區中央南路１段７６號
25.110531,121.514907,致遠春天藥局,臺北市北投區致遠一路１段１３２號１、２樓
25.135084,121.502694,全家藥粧藥局,臺北市北投區光明路１６６－２號
25.118509,121.506816,吉利春天生活藥局,臺北市北投區吉利街１２０號
25.114259,121.513104,理得藥局,臺北市北投區石牌路１段１５０號
25.13192,121.501427,天康大藥局,臺北市北投區中央南路１段５７號
25.114287,121.515314,康賢藥局,臺北市北投區西安街１段３５９號１樓
25.041359,121.582336,臺陽藥局,臺北市信義區大道路６１號
25.039756,121.575298,杏康藥局,臺北市信義區忠孝東路５段３７２巷２７弄６８－２號１Ｆ
25.042561,121.577657,慧生藥局,臺北市信義區松山路３１０號
25.045264,121.578132,松山大藥局,臺北市信義區永吉路４３６號
25.041443,121.577991,立信藥局,臺北市信義區松山路４０３號
25.026581,121.564193,吳興藥局,臺北市信義區吳興街２７９號１樓
25.038441,121.576883,新和平藥局,臺北市信義區虎林街１９８號１樓
25.04069,121.576322,得揚藥局,臺北市信義區忠孝東路５段４５２號１樓
25.043348,121.576905,華泰藥局,臺北市信義區虎林街８２巷５號
25.038409,121.58474,麗中藥局,臺北市信義區福德街２１７號
25.039306,121.58736,康杏藥局,臺北市信義區福德街３０６號１樓
25.02745,121.563493,綠杏大藥局,臺北市信義區吳興街２４１號
25.029598,121.562088,信桉藥局,臺北市信義區莊敬路２３６號
25.042658,121.568544,安心藥局,臺北市信義區永吉路３０巷１４８弄４之１號
25.045715,121.573872,永吉藥局,臺北市信義區永吉路２１３號
25.026174,121.568769,躍獅松仁藥局,臺北市信義區松仁路２３３號（實際營業地址：１樓）
25.037516,121.575287,喜樂藥局,臺北市信義區松德路１２５號
25.036586,121.558151,榮泰藥局,臺北市信義區光復南路４１９巷１９號
25.045088,121.577633,皇昇大藥局,臺北市信義區松山路２１０號１樓
25.044574,121.575546,貴臨藥局,臺北市信義區永吉路３２６巷１９號
25.027717,121.564342,大鳥藥局,臺北市信義區莊敬路３５４號
25.024363,121.554199,濟生中西藥局,臺北市信義區崇德街４１號
25.037414,121.579164,上禾藥師藥局,臺北市信義區林口街２７號
25.041263,121.575264,新永春藥局,臺北市信義區忠孝東路５段４２３巷１號
25.043242,121.568867,新興健保藥局,臺北市信義區永吉路３０巷１１３號
25.021274,121.55643,洪暘藥局,臺北市信義區富陽街８６號
25.039594,121.576721,尚頤中西藥局,臺北市信義區虎林街１４５號
25.026719,121.567728,博亞藥局,臺北市信義區莊敬路４６２號
25.048771,121.579748,松美藥局,臺北市信義區市民大道６段３２０號（實際營業地址：１樓）
25.041624,121.527151,崇信藥局,臺北市中正區齊東街８８號
25.030257,121.507648,日生大藥局,臺北市中正區汀州路１段５３號１樓
25.03969,121.532552,大安藥局,臺北市中正區新生南路１段１０６號
25.042206,121.512629,上海聯合藥局,臺北市中正區衡陽路３２號１樓
25.016545,121.530298,中心藥局,臺北市中正區汀州路３段１２１號
25.035454,121.526975,祥全藥局,臺北市中正區信義路２段７９巷１５－８號１Ｆ
25.016668,121.530123,古亭藥局,臺北市中正區汀州路３段１１７號
25.033161,121.518219,新獻安藥局,臺北市中正區羅斯福路１段１５號
25.029994,121.506762,永興藥局,臺北市中正區汀州路１段９２巷２８號
25.016733,121.53003,東華藥局,臺北市中正區汀州路３段１１３號
25.022361,121.523719,怡誠藥局,臺北市中正區汀州路２段２１２號
25.044482,121.516857,佳和藥局,臺北市中正區黎明里公園路３０號
25.024901,121.50961,進達健保藥局,臺北市中正區中華路２段４５３號
25.029532,121.518592,信康藥局,臺北市中正區南昌路１段１４３號
25.027356,121.510947,豐仁藥局,臺北市中正區寧波西街１６１號
25.043226,121.532613,立赫健保藥局,臺北市中正區新生南路１段１６之２號
25.043557,121.5155,中力藥局,臺北市中正區襄陽路１３之５號、１５號
25.031753,121.520215,桐心藥局,臺北市中正區金華街１８之６號１樓
25.027528,121.494213,長泰藥局,臺北市萬華區西園路２段２８０號
25.024189,121.497344,世欣藥局,臺北市萬華區東園街１７３號１Ｆ
25.0296,121.500722,裕和藥局,臺北市萬華區萬大路１１５、１１７號
25.046693,121.506147,秀全藥局,臺北市萬華區開封街２段６６－３號
25.035807,121.497508,大嘉藥局,臺北市萬華區梧州街４６巷６號
25.02336,121.500693,信昌藥局,臺北市萬華區長泰街３６號１樓
25.026277,121.499962,民和藥局,臺北市萬華區民和街５號１樓
25.039949,121.5025,生活大藥局,臺北市萬華區貴陽街２段１２４號
25.042163,121.504577,您永安藥局,臺北市萬華區昆明街１６２號
25.02279,121.501626,皇祥藥局,臺北市萬華區萬青街１６５號１樓
25.036538,121.501637,日昇藥局,臺北市萬華區廣州街１２４號
25.024953,121.500258,聯慶大藥局,臺北市萬華區萬大路３０６號１樓
25.032117,121.493851,益源藥局,臺北市萬華區大理街１６０巷２６弄２號
25.021779,121.498523,欣安藥局,臺北市萬華區東園街１９０、１９２號
25.025294,121.494773,寶興大藥局,臺北市萬華區寶興街１１９號
25.032466,121.491923,健誠大藥局,臺北市萬華區環河南路２段１８５號
25.040617,121.505129,專品藥局,臺北市萬華區長沙街２段７１－１號
25.028004,121.494771,瑞生藥局,臺北市萬華區西園路２段２５２號
25.026266,121.500294,萬華藥局,臺北市萬華區萬大路２４８號實際營業地址１樓、２樓
25.026491,121.500595,榮勝藥局,臺北市萬華區萬大路２３３號
25.037227,121.500654,松本藥局,臺北市萬華區西昌街２３３號
25.029443,121.501673,柏祥藥局,臺北市萬華區西藏路１４１號
25.027077,121.5064,正盛藥局,臺北市萬華區中華路２段４３４－１號
25.032593,121.492039,啟仁藥局,臺北市萬華區環河南路２段１７７號
25.038917,121.498545,光華藥局,臺北市萬華區華西街１９－５號
24.99512,121.539341,瑞安藥局,臺北市文山區溪口街６９－１號１樓
25.001482,121.552442,逸仙藥師藥局,臺北市文山區興隆路２段２１８－１號１樓
24.985142,121.561325,康宜庭生活藥局,臺北市文山區興隆路４段６４號
24.996933,121.547879,仙瑩藥局,臺北市文山區景華街１６６號
24.999517,121.547004,舒博威藥局,臺北市文山區興隆路２段９５巷３號
24.991001,121.539844,佳醫景美藥局,臺北市文山區羅斯福路６段２９０號
24.999554,121.547763,華君藥局,臺北市文山區興隆路２段６０號
24.989007,121.562067,皇興藥師藥局,臺北市文山區木柵路２段１２１號
25.002028,121.538294,宇康藥局,臺北市文山區羅斯福路５段２１８巷７號
25.003221,121.538448,康宜庭萬隆藥局,臺北市文山區羅斯福路５段２０２號
24.986829,121.569669,振大藥局,臺北市文山區永安街２２巷１６號
24.98292,121.566017,躍獅奕新藥局,臺北市文山區木新路２段２７５號
24.991259,121.541429,欣安景美藥局,臺北市文山區景文街７７號
24.98236,121.564164,北一藥師藥局,臺北市文山區木新路３段４７號
25.00139,121.57064,杏一萬安藥局,臺北市文山區萬安街１５號
25.000892,121.555001,大樹文山藥局,臺北市文山區興隆路３段１３號（１、２、３樓）
24.988605,121.567356,杏一木柵藥局,臺北市文山區木柵路３段９８號
24.984259,121.560676,光明大藥局,臺北市文山區忠順街１段６６號
25.003451,121.550456,福興藥局,臺北市文山區福興路５６號
25.000216,121.55218,路加健康藥局,臺北市文山區興隆路２段２２０巷３９號
24.993464,121.544663,健安藥局,臺北市文山區景興路１６５號
25.001973,121.538756,逸全生活藥局,臺北市文山區羅斯福路５段２２２號
24.99958,121.556874,躍獅新芳藥局,臺北市文山區興隆路３段１６號（實際營業地址：１樓）
25.000306,121.55833,綠杏萬芳藥局,臺北市文山區興隆路３段１１１號
24.98756,121.569489,躍獅木柵藥局,臺北市文山區指南路１段２８號
24.987838,121.57422,專品政大藥局,臺北市文山區指南路２段８號
24.988655,121.567597,大樹木柵藥局,臺北市文山區木柵路３段１０８號、１１０號（１樓、２樓）
