name,latitude,longitude
華中露營場,25.01462383252272,121.49634093046188
華中露營場,25.01462383252272,121.49634093046188
藝築文旅 - 開封舘,25.047079,121.505302
趣旅館．林森館,25.0613745,121.52572729999996
趣旅館．林森館,25.0613745,121.52572729999996
趣旅館．林森館,25.0613745,121.52572729999996
趣旅館．林森館,25.0613745,121.52572729999996
昇美精品旅店,25.0536585,121.52783840000006
昇美精品旅店,25.0536585,121.52783840000006
昇美精品旅店,25.0536585,121.52783840000006
昇美精品旅店,25.0536585,121.52783840000006
瑾旅南西館 Gininn NanXi,25.054123,121.513605
瑾旅南西館 Gininn NanXi,25.054123,121.513605
瑾旅南西館 Gininn NanXi,25.054123,121.513605
瑾旅南西館 Gininn NanXi,25.054123,121.513605
瑾旅南西館 Gininn NanXi,25.054123,121.513605
House Ximending,25.04296988683455,121.50558356864812
House Ximending,25.04296988683455,121.50558356864812
House Ximending,25.04296988683455,121.50558356864812
苓旅萬年-LIN INN Wan Nian,25.043513,121.505894
苓旅萬年-LIN INN Wan Nian,25.043513,121.505894
苓旅萬年-LIN INN Wan Nian,25.043513,121.505894
苓旅萬年-LIN INN Wan Nian,25.043513,121.505894
苓旅萬年-LIN INN Wan Nian,25.043513,121.505894
苓旅萬年-LIN INN Wan Nian,25.043513,121.505894
冨粧商旅,25.045865140287123,121.5031497180462
皇后旅店,25.05138516311912,121.51462331403307
皇后旅店,25.05138516311912,121.51462331403307
豪贊旅店,25.047064,121.505814
大地清旅,25.048153419813925,121.5433077742398
大地清旅,25.048153419813925,121.5433077742398
千彩格精品旅店,25.05577156158259,121.52528967609214
千彩格精品旅店,25.05577156158259,121.52528967609214
千彩格精品旅店,25.05577156158259,121.52528967609214
千彩格精品旅店,25.05577156158259,121.52528967609214
千彩格精品旅店,25.05577156158259,121.52528967609214
拾光嶼 28,25.052558,121.513113
拾光嶼 28,25.052558,121.513113
拾光嶼 28,25.052558,121.513113
拾光嶼 28,25.052558,121.513113
拾光嶼 28,25.052558,121.513113
拾光嶼 28,25.052558,121.513113
Meander 1948,25.050517,121.515144
Meander 1948,25.050517,121.515144
Meander 1948,25.050517,121.515144
Meander 1948,25.050517,121.515144
Ueno Hirokoji 428,25.056761,121.508631
Ueno Hirokoji 428,25.056761,121.508631
Ueno Hirokoji 428,25.056761,121.508631
華達大飯店,25.04676528602632,121.5133953877314
華達大飯店,25.04676528602632,121.5133953877314
華達大飯店,25.04676528602632,121.5133953877314
華達大飯店,25.04676528602632,121.5133953877314
華達大飯店,25.04676528602632,121.5133953877314
貴都飯店-Crystal Hotel Taipei,25.03006427071438,121.50289356708528
貴都飯店-Crystal Hotel Taipei,25.03006427071438,121.50289356708528
貴都飯店-Crystal Hotel Taipei,25.03006427071438,121.50289356708528
貴都飯店-Crystal Hotel Taipei,25.03006427071438,121.50289356708528
貴都飯店-Crystal Hotel Taipei,25.03006427071438,121.50289356708528
客憩旅宿,25.044507,121.5133576
客憩旅宿,25.044507,121.5133576
客憩旅宿,25.044507,121.5133576
客憩旅宿,25.044507,121.5133576
大稻埕花園旅店,25.062021440892508,121.50918066501616
大稻埕花園旅店,25.062021440892508,121.50918066501616
三隻老虎旅店,25.04368338698988,121.50460157540692
三隻老虎旅店,25.04368338698988,121.50460157540692
三隻老虎旅店,25.04368338698988,121.50460157540692
三隻老虎旅店,25.04368338698988,121.50460157540692
北門臥客青年旅舍,25.05275788958657,121.51090564293963
北門臥客青年旅舍,25.05275788958657,121.51090564293963
北門臥客青年旅舍,25.05275788958657,121.51090564293963
北門臥客青年旅舍,25.05275788958657,121.51090564293963
陸號行旅萬年館,25.04352624419985,121.5060679614544
旅居文旅西門驛站昆明館,25.04246673996633,121.5046302974224
旅居文旅西門驛站昆明館,25.04246673996633,121.5046302974224
欣欣時尚旅店松山站,25.049890302538856,121.5706447927513
欣欣時尚旅店松山站,25.049890302538856,121.5706447927513
欣欣時尚旅店松山站,25.049890302538856,121.5706447927513
欣欣時尚旅店松山站,25.049890302538856,121.5706447927513
欣欣時尚旅店松山站,25.049890302538856,121.5706447927513
新獅城商務旅館New Lion City Hotel,25.050288,121.515555
新獅城商務旅館New Lion City Hotel,25.050288,121.515555
新獅城商務旅館New Lion City Hotel,25.050288,121.515555
救國團劍潭海外青年活動中心 ,25.0775919567304,121.52444511652
救國團劍潭海外青年活動中心 ,25.0775919567304,121.52444511652
西門邑居會館,25.0461538,121.5070438
西門邑居會館,25.0461538,121.5070438
西門邑居會館,25.0461538,121.5070438
西門邑居會館,25.0461538,121.5070438
西門邑居會館,25.0461538,121.5070438
西門邑居會館,25.0461538,121.5070438
西門邑居會館,25.0461538,121.5070438
西門邑居會館,25.0461538,121.5070438
能量旅店,25.04357,121.504547
能量旅店,25.04357,121.504547
采舍精品旅館,25.06479336893596,121.52677059173584
頭等艙飯店 台北西門,25.04136244226,121.508434142565
福爾摩莎101青年旅館,25.02873423486801,121.55709061771633
福爾摩莎101青年旅館,25.02873423486801,121.55709061771633
福爾摩莎101青年旅館,25.02873423486801,121.55709061771633
函舍旅館,25.04290293605174,121.50526195764542
函舍旅館,25.04290293605174,121.50526195764542
函舍旅館,25.04290293605174,121.50526195764542
函舍旅館,25.04290293605174,121.50526195764542
小王子甜蜜旅店,25.044045361482087,121.5072437748313
小王子甜蜜旅店,25.044045361482087,121.5072437748313
小王子甜蜜旅店,25.044045361482087,121.5072437748313
小王子甜蜜旅店,25.044045361482087,121.5072437748313
小王子甜蜜旅店,25.044045361482087,121.5072437748313
小王子甜蜜旅店,25.044045361482087,121.5072437748313
趣西門旅店,25.04470377889577,121.50615187235262
趣西門旅店,25.04470377889577,121.50615187235262
趣西門旅店,25.04470377889577,121.50615187235262
趣西門旅店,25.04470377889577,121.50615187235262
美亞商旅,25.046222,121.51583
美亞商旅,25.046222,121.51583
台北俞美精品飯店,25.04505473303145,121.505094319582
台北俞美精品飯店,25.04505473303145,121.505094319582
台北俞美精品飯店,25.04505473303145,121.505094319582
台北俞美精品飯店,25.04505473303145,121.505094319582
台北俞美精品飯店,25.04505473303145,121.505094319582
雀客旅館台北內湖,25.07048827399045,121.59281730651855
雀客旅館台北內湖,25.07048827399045,121.59281730651855
雀客旅館台北內湖,25.07048827399045,121.59281730651855
雀客旅館台北內湖,25.07048827399045,121.59281730651855
雀客旅館台北內湖,25.07048827399045,121.59281730651855
雀客旅館台北內湖,25.07048827399045,121.59281730651855
東皇渡假旅店,25.13605971058014,121.51070442789204
東皇渡假旅店,25.13605971058014,121.51070442789204
東皇渡假旅店,25.13605971058014,121.51070442789204
東皇渡假旅店,25.13605971058014,121.51070442789204
東皇渡假旅店,25.13605971058014,121.51070442789204
東皇渡假旅店,25.13605971058014,121.51070442789204
東皇渡假旅店,25.13605971058014,121.51070442789204
甄美精品旅店,25.05433167543693,121.52626046910882
甄美精品旅店,25.05433167543693,121.52626046910882
甄美精品旅店,25.05433167543693,121.52626046910882
甄美精品旅店,25.05433167543693,121.52626046910882
甄美精品旅店,25.05433167543693,121.52626046910882
甄美精品旅店,25.05433167543693,121.52626046910882
甄美精品旅店,25.05433167543693,121.52626046910882
甄美精品旅店,25.05433167543693,121.52626046910882
柜富賓王旅店-台北館 Giant Rich King Plaza Hotel,25.054068541551057,121.51304304599762
柜富賓王旅店-台北館 Giant Rich King Plaza Hotel,25.054068541551057,121.51304304599762
柜富賓王旅店-台北館 Giant Rich King Plaza Hotel,25.054068541551057,121.51304304599762
欣欣旅店,25.047055833885004,121.50586545467377
欣欣旅店,25.047055833885004,121.50586545467377
芝山璞旅,25.1023404533924,121.52163594725609
芝山璞旅,25.1023404533924,121.52163594725609
芝山璞旅,25.1023404533924,121.52163594725609
芝山璞旅,25.1023404533924,121.52163594725609
台北亞都麗緻大飯店,25.062737890230387,121.52990877628326
台北亞都麗緻大飯店,25.062737890230387,121.52990877628326
台北亞都麗緻大飯店,25.062737890230387,121.52990877628326
台北亞都麗緻大飯店,25.062737890230387,121.52990877628326
台北亞都麗緻大飯店,25.062737890230387,121.52990877628326
台北亞都麗緻大飯店,25.062737890230387,121.52990877628326
台北亞都麗緻大飯店,25.062737890230387,121.52990877628326
台北亞都麗緻大飯店,25.062737890230387,121.52990877628326
台北亞都麗緻大飯店,25.062737890230387,121.52990877628326
台北亞都麗緻大飯店,25.062737890230387,121.52990877628326
台北亞都麗緻大飯店,25.062737890230387,121.52990877628326
台北亞都麗緻大飯店,25.062737890230387,121.52990877628326
台北亞都麗緻大飯店,25.062737890230387,121.52990877628326
台北亞都麗緻大飯店,25.062737890230387,121.52990877628326
西門町古奈堡旅店,25.043172267109387,121.50680311018732
金弘旅店,25.053912459678536,121.51299830136644
金弘旅店,25.053912459678536,121.51299830136644
金弘旅店,25.053912459678536,121.51299830136644
金弘旅店,25.053912459678536,121.51299830136644
金弘旅店,25.053912459678536,121.51299830136644
新凱商務飯店,25.0665071,121.52737430000002
新凱商務飯店,25.0665071,121.52737430000002
Oani,25.0419599,121.5090261
Oani,25.0419599,121.5090261
大地酒店,25.134659,121.50719700000002
大地酒店,25.134659,121.50719700000002
大地酒店,25.134659,121.50719700000002
大地酒店,25.134659,121.50719700000002
大地酒店,25.134659,121.50719700000002
大地酒店,25.134659,121.50719700000002
大地酒店,25.134659,121.50719700000002
大地酒店,25.134659,121.50719700000002
大地酒店,25.134659,121.50719700000002
大地酒店,25.134659,121.50719700000002
艾特文旅西門町,25.045428157392504,121.5036667138338
艾特文旅西門町,25.045428157392504,121.5036667138338
約克設計旅店,25.044981,121.51617399999998
約克設計旅店,25.044981,121.51617399999998
約克設計旅店,25.044981,121.51617399999998
約克設計旅店,25.044981,121.51617399999998
承攜行旅台北重慶館,25.051951576049543,121.51383697986594
承攜行旅台北重慶館,25.051951576049543,121.51383697986594
承攜行旅台北重慶館,25.051951576049543,121.51383697986594
承攜行旅台北重慶館,25.051951576049543,121.51383697986594
承攜行旅台北重慶館,25.051951576049543,121.51383697986594
承攜行旅台北重慶館,25.051951576049543,121.51383697986594
承攜行旅台北重慶館,25.051951576049543,121.51383697986594
承攜行旅台北重慶館,25.051951576049543,121.51383697986594
承攜行旅台北重慶館,25.051951576049543,121.51383697986594
OwlStay 故事所 夾腳拖的家花園,25.0505395,121.518145
OwlStay 故事所 夾腳拖的家花園,25.0505395,121.518145
OwlStay 故事所 夾腳拖的家花園,25.0505395,121.518145
OwlStay 故事所 夾腳拖的家花園,25.0505395,121.518145
南陽街壹號旅店,25.0457437,121.51618209999992
雀客旅館台北南京,25.0518058,121.53765499999996
雀客旅館台北南京,25.0518058,121.53765499999996
雀客旅館台北南京,25.0518058,121.53765499999996
雀客旅館台北南京,25.0518058,121.53765499999996
柯達大飯店台北一店,25.05276440276996,121.52333527116387
豪爵大飯店-台北館,25.06521612269176,121.53174877166748
豪爵大飯店-台北館,25.06521612269176,121.53174877166748
豪爵大飯店-台北館,25.06521612269176,121.53174877166748
豪爵大飯店-台北館,25.06521612269176,121.53174877166748
城市商旅- 南東館,25.0514795,121.56994039999996
城市商旅- 南東館,25.0514795,121.56994039999996
城市商旅- 南東館,25.0514795,121.56994039999996
城市商旅- 南東館,25.0514795,121.56994039999996
城市商旅- 南東館,25.0514795,121.56994039999996
城市商旅- 南東館,25.0514795,121.56994039999996
城市商旅- 南東館,25.0514795,121.56994039999996
城市商旅- 南東館,25.0514795,121.56994039999996
城市商旅- 南東館,25.0514795,121.56994039999996
城市商旅- 南東館,25.0514795,121.56994039999996
柯達大飯店台北二店,25.061875761310827,121.52308630949848
柯達大飯店台北二店,25.061875761310827,121.52308630949848
柯達大飯店台北二店,25.061875761310827,121.52308630949848
敘美精品旅店,25.04270367118016,121.51329517364502
敘美精品旅店,25.04270367118016,121.51329517364502
敘美精品旅店,25.04270367118016,121.51329517364502
敘美精品旅店,25.04270367118016,121.51329517364502
敘美精品旅店,25.04270367118016,121.51329517364502
敘美精品旅店,25.04270367118016,121.51329517364502
敘美精品旅店,25.04270367118016,121.51329517364502
大師商旅,25.048817553200973,121.51857398444918
大師商旅,25.048817553200973,121.51857398444918
德立莊酒店,25.04233690178857,121.50916844669656
德立莊酒店,25.04233690178857,121.50916844669656
德立莊酒店,25.04233690178857,121.50916844669656
德立莊酒店,25.04233690178857,121.50916844669656
德立莊酒店,25.04233690178857,121.50916844669656
德立莊酒店,25.04233690178857,121.50916844669656
德立莊酒店,25.04233690178857,121.50916844669656
德立莊酒店,25.04233690178857,121.50916844669656
德立莊酒店,25.04233690178857,121.50916844669656
德立莊酒店,25.04233690178857,121.50916844669656
德立莊酒店,25.04233690178857,121.50916844669656
德立莊酒店,25.04233690178857,121.50916844669656
德立莊酒店,25.04233690178857,121.50916844669656
德立莊酒店,25.04233690178857,121.50916844669656
德立莊酒店,25.04233690178857,121.50916844669656
德立莊酒店,25.04233690178857,121.50916844669656
德立莊酒店,25.04233690178857,121.50916844669656
德立莊酒店,25.04233690178857,121.50916844669656
城市商旅站前館,25.050924,121.512126
城市商旅站前館,25.050924,121.512126
城市商旅站前館,25.050924,121.512126
城市商旅站前館,25.050924,121.512126
城市商旅站前館,25.050924,121.512126
城市商旅站前館,25.050924,121.512126
ILLUME 茹曦酒店,25.05262521039063,121.54854476451874
ILLUME 茹曦酒店,25.05262521039063,121.54854476451874
ILLUME 茹曦酒店,25.05262521039063,121.54854476451874
ILLUME 茹曦酒店,25.05262521039063,121.54854476451874
北投日勝生加賀屋國際溫泉飯店,25.136032,121.506802
北投日勝生加賀屋國際溫泉飯店,25.136032,121.506802
北投日勝生加賀屋國際溫泉飯店,25.136032,121.506802
北投日勝生加賀屋國際溫泉飯店,25.136032,121.506802
北投日勝生加賀屋國際溫泉飯店,25.136032,121.506802
北投日勝生加賀屋國際溫泉飯店,25.136032,121.506802
北投日勝生加賀屋國際溫泉飯店,25.136032,121.506802
北投日勝生加賀屋國際溫泉飯店,25.136032,121.506802
北投日勝生加賀屋國際溫泉飯店,25.136032,121.506802
北投日勝生加賀屋國際溫泉飯店,25.136032,121.506802
北投日勝生加賀屋國際溫泉飯店,25.136032,121.506802
北投日勝生加賀屋國際溫泉飯店,25.136032,121.506802
北投日勝生加賀屋國際溫泉飯店,25.136032,121.506802
北投日勝生加賀屋國際溫泉飯店,25.136032,121.506802
北投日勝生加賀屋國際溫泉飯店,25.136032,121.506802
北投日勝生加賀屋國際溫泉飯店,25.136032,121.506802
北投日勝生加賀屋國際溫泉飯店,25.136032,121.506802
北投日勝生加賀屋國際溫泉飯店,25.136032,121.506802
北投日勝生加賀屋國際溫泉飯店,25.136032,121.506802
北投日勝生加賀屋國際溫泉飯店,25.136032,121.506802
北投日勝生加賀屋國際溫泉飯店,25.136032,121.506802
北投日勝生加賀屋國際溫泉飯店,25.136032,121.506802
朵兒韓國汗蒸商務旅館,25.047127,121.530343
北投享溫泉,25.136608,121.508446
北投享溫泉,25.136608,121.508446
曲水會館,25.1364794,121.5119978
曲水會館,25.1364794,121.5119978
曲水會館,25.1364794,121.5119978
曲水會館,25.1364794,121.5119978
曲水會館,25.1364794,121.5119978
曲水會館,25.1364794,121.5119978
曲水會館,25.1364794,121.5119978
曲水會館,25.1364794,121.5119978
索拉利亞西鐵飯店台北西門,25.044904,121.508648
索拉利亞西鐵飯店台北西門,25.044904,121.508648
索拉利亞西鐵飯店台北西門,25.044904,121.508648
索拉利亞西鐵飯店台北西門,25.044904,121.508648
索拉利亞西鐵飯店台北西門,25.044904,121.508648
索拉利亞西鐵飯店台北西門,25.044904,121.508648
索拉利亞西鐵飯店台北西門,25.044904,121.508648
索拉利亞西鐵飯店台北西門,25.044904,121.508648
索拉利亞西鐵飯店台北西門,25.044904,121.508648
索拉利亞西鐵飯店台北西門,25.044904,121.508648
永安棧,25.04288349559072,121.5081587433815
永安棧,25.04288349559072,121.5081587433815
永安棧,25.04288349559072,121.5081587433815
永安棧,25.04288349559072,121.5081587433815
永安棧,25.04288349559072,121.5081587433815
永安棧,25.04288349559072,121.5081587433815
苓旅中山館-Lininn ZhongShan,25.058719,121.53742
苓旅中山館-Lininn ZhongShan,25.058719,121.53742
苓旅中山館-Lininn ZhongShan,25.058719,121.53742
苓旅中山館-Lininn ZhongShan,25.058719,121.53742
Aloft by Marriott Taipei Beitou,25.1242863,121.49911670000006
Aloft by Marriott Taipei Beitou,25.1242863,121.49911670000006
Aloft by Marriott Taipei Beitou,25.1242863,121.49911670000006
Aloft by Marriott Taipei Beitou,25.1242863,121.49911670000006
Aloft by Marriott Taipei Beitou,25.1242863,121.49911670000006
Aloft by Marriott Taipei Beitou,25.1242863,121.49911670000006
吉泰旅店 ,25.091099636268225,121.52560829881132
吉泰旅店 ,25.091099636268225,121.52560829881132
吉泰旅店 ,25.091099636268225,121.52560829881132
友徠精品旅館,25.056191,121.596505
友徠精品旅館,25.056191,121.596505
台北北門世民酒店,25.0472478,121.5105382
台北北門世民酒店,25.0472478,121.5105382
台北北門世民酒店,25.0472478,121.5105382
台北北門世民酒店,25.0472478,121.5105382
台北北門世民酒店,25.0472478,121.5105382
台北北門世民酒店,25.0472478,121.5105382
台北北門世民酒店,25.0472478,121.5105382
台北北門世民酒店,25.0472478,121.5105382
台北宿之酒店.臻品之選,25.045481,121.502629
台北宿之酒店.臻品之選,25.045481,121.502629
台北宿之酒店.臻品之選,25.045481,121.502629
台北宿之酒店.臻品之選,25.045481,121.502629
台北宿之酒店.臻品之選,25.045481,121.502629
台北宿之酒店.臻品之選,25.045481,121.502629
台北宿之酒店.臻品之選,25.045481,121.502629
台北宿之酒店.臻品之選,25.045481,121.502629
台北宿之酒店.臻品之選,25.045481,121.502629
路境行旅-府前館,25.04303901919261,121.51310473680496
路境行旅-府前館,25.04303901919261,121.51310473680496
路境行旅-府前館,25.04303901919261,121.51310473680496
路境行旅-府前館,25.04303901919261,121.51310473680496
承攜行旅-台北復北館,25.05839600330324,121.54435649514198
承攜行旅-台北復北館,25.05839600330324,121.54435649514198
谷墨商旅,25.0266159136286,121.53071075677872
谷墨商旅,25.0266159136286,121.53071075677872
谷墨商旅,25.0266159136286,121.53071075677872
卡夫人背包客棧 台北車站青年館,25.04461965763252,121.51488304722125
卡夫人背包客棧 台北車站青年館,25.04461965763252,121.51488304722125
卡夫人背包客棧 台北車站青年館,25.04461965763252,121.51488304722125
卡夫人背包客棧 台北車站青年館,25.04461965763252,121.51488304722125
華泰瑞舍,25.05732366411905,121.52567936078265
華泰瑞舍,25.05732366411905,121.52567936078265
華泰瑞舍,25.05732366411905,121.52567936078265
丹迪旅店- 天母店,25.115246250224512,121.52796417474748
丹迪旅店- 天母店,25.115246250224512,121.52796417474748
丹迪旅店- 天母店,25.115246250224512,121.52796417474748
丹迪旅店- 天母店,25.115246250224512,121.52796417474748
沐蘭精品旅館-台北大直館 Mulan Boutique Hotel,25.08072792904253,121.56215713177517
沐蘭精品旅館-台北大直館 Mulan Boutique Hotel,25.08072792904253,121.56215713177517
沐蘭精品旅館-台北大直館 Mulan Boutique Hotel,25.08072792904253,121.56215713177517
沐蘭精品旅館-台北大直館 Mulan Boutique Hotel,25.08072792904253,121.56215713177517
沐蘭精品旅館-台北大直館 Mulan Boutique Hotel,25.08072792904253,121.56215713177517
沐蘭精品旅館-台北大直館 Mulan Boutique Hotel,25.08072792904253,121.56215713177517
沐蘭精品旅館-台北大直館 Mulan Boutique Hotel,25.08072792904253,121.56215713177517
沐蘭精品旅館-台北大直館 Mulan Boutique Hotel,25.08072792904253,121.56215713177517
沐蘭精品旅館-台北大直館 Mulan Boutique Hotel,25.08072792904253,121.56215713177517
沐蘭精品旅館-台北大直館 Mulan Boutique Hotel,25.08072792904253,121.56215713177517
有誠商旅,25.097724,121.54503899999996
大湖璞旅,25.073391,121.606402
大湖璞旅,25.073391,121.606402
台北國泰萬怡酒店,25.057722,121.538128
台北國泰萬怡酒店,25.057722,121.538128
台北國泰萬怡酒店,25.057722,121.538128
台北國泰萬怡酒店,25.057722,121.538128
台北國泰萬怡酒店,25.057722,121.538128
柔美精品商旅,25.05439656898996,121.53595715761185
柔美精品商旅,25.05439656898996,121.53595715761185
美福大飯店,25.0801066321067,121.55376316979527
美福大飯店,25.0801066321067,121.55376316979527
美福大飯店,25.0801066321067,121.55376316979527
美福大飯店,25.0801066321067,121.55376316979527
美福大飯店,25.0801066321067,121.55376316979527
美福大飯店,25.0801066321067,121.55376316979527
美福大飯店,25.0801066321067,121.55376316979527
美福大飯店,25.0801066321067,121.55376316979527
美福大飯店,25.0801066321067,121.55376316979527
美福大飯店,25.0801066321067,121.55376316979527
台北六福萬怡酒店,25.052216,121.606514
台北六福萬怡酒店,25.052216,121.606514
台北六福萬怡酒店,25.052216,121.606514
見潭璞旅,25.089179,121.520456
見潭璞旅,25.089179,121.520456
見潭璞旅,25.089179,121.520456
台北士林萬麗酒店,25.093153,121.529224
台北士林萬麗酒店,25.093153,121.529224
台北士林萬麗酒店,25.093153,121.529224
台北士林萬麗酒店,25.093153,121.529224
台北士林萬麗酒店,25.093153,121.529224
台北士林萬麗酒店,25.093153,121.529224
台北士林萬麗酒店,25.093153,121.529224
台北歐華酒店,25.06812433743836,121.52564808726312
台北歐華酒店,25.06812433743836,121.52564808726312
臺北車站智選假日酒店,25.05249,121.51427
臺北車站智選假日酒店,25.05249,121.51427
臺北車站智選假日酒店,25.05249,121.51427
臺北車站智選假日酒店,25.05249,121.51427
臺北車站智選假日酒店,25.05249,121.51427
北投老爺酒店,25.13748394769169,121.50371761670226
台北星辰大飯店,25.0363974997646,121.52763694524764
台北星辰大飯店,25.0363974997646,121.52763694524764
台北W 酒店,25.04054332758169,121.56597912311554
台北W 酒店,25.04054332758169,121.56597912311554
台北W 酒店,25.04054332758169,121.56597912311554
金普頓大安酒店 - 洲際酒店集團酒店,25.040529,121.54537
金普頓大安酒店 - 洲際酒店集團酒店,25.040529,121.54537
金普頓大安酒店 - 洲際酒店集團酒店,25.040529,121.54537
金普頓大安酒店 - 洲際酒店集團酒店,25.040529,121.54537
金普頓大安酒店 - 洲際酒店集團酒店,25.040529,121.54537
旅居文旅-中山館,25.06026641080828,121.52194744361644
旅居文旅-中山館,25.06026641080828,121.52194744361644
旅居文旅-中山館,25.06026641080828,121.52194744361644
禾順行旅 ,25.0368791,121.49713870000004
禾順行旅 ,25.0368791,121.49713870000004
禾順行旅 ,25.0368791,121.49713870000004
禾順行旅 ,25.0368791,121.49713870000004
台北唯客樂飯店,25.054799920044715,121.53774619102478
台北唯客樂飯店,25.054799920044715,121.53774619102478
苓旅松山館 Lininn Tapei Arena,25.0480302500422,121.54932528734209
苓旅松山館 Lininn Tapei Arena,25.0480302500422,121.54932528734209
苓旅松山館 Lininn Tapei Arena,25.0480302500422,121.54932528734209
苓旅松山館 Lininn Tapei Arena,25.0480302500422,121.54932528734209
苓旅松山館 Lininn Tapei Arena,25.0480302500422,121.54932528734209
苓旅松山館 Lininn Tapei Arena,25.0480302500422,121.54932528734209
北行旅,25.043099,121.512984
北行旅,25.043099,121.512984
台北遠東香格里拉,25.02647950847079,121.5497061610222
台北遠東香格里拉,25.02647950847079,121.5497061610222
台北遠東香格里拉,25.02647950847079,121.5497061610222
台北遠東香格里拉,25.02647950847079,121.5497061610222
台北遠東香格里拉,25.02647950847079,121.5497061610222
台北遠東香格里拉,25.02647950847079,121.5497061610222
台北遠東香格里拉,25.02647950847079,121.5497061610222
台北遠東香格里拉,25.02647950847079,121.5497061610222
台北遠東香格里拉,25.02647950847079,121.5497061610222
台北遠東香格里拉,25.02647950847079,121.5497061610222
台北遠東香格里拉,25.02647950847079,121.5497061610222
台北遠東香格里拉,25.02647950847079,121.5497061610222
台北遠東香格里拉,25.02647950847079,121.5497061610222
台北遠東香格里拉,25.02647950847079,121.5497061610222
台北遠東香格里拉,25.02647950847079,121.5497061610222
台北遠東香格里拉,25.02647950847079,121.5497061610222
台北遠東香格里拉,25.02647950847079,121.5497061610222
台北遠東香格里拉,25.02647950847079,121.5497061610222
台北遠東香格里拉,25.02647950847079,121.5497061610222
台北遠東香格里拉,25.02647950847079,121.5497061610222
台北遠東香格里拉,25.02647950847079,121.5497061610222
台北遠東香格里拉,25.02647950847079,121.5497061610222
台北遠東香格里拉,25.02647950847079,121.5497061610222
台北遠東香格里拉,25.02647950847079,121.5497061610222
台北遠東香格里拉,25.02647950847079,121.5497061610222
台北遠東香格里拉,25.02647950847079,121.5497061610222
台北遠東香格里拉,25.02647950847079,121.5497061610222
台北遠東香格里拉,25.02647950847079,121.5497061610222
台北遠東香格里拉,25.02647950847079,121.5497061610222
台北遠東香格里拉,25.02647950847079,121.5497061610222
台北遠東香格里拉,25.02647950847079,121.5497061610222
台北遠東香格里拉,25.02647950847079,121.5497061610222
台北遠東香格里拉,25.02647950847079,121.5497061610222
薇閣精品旅館 - 大直旗艦館,25.08356198694424,121.55600801110268
薇閣精品旅館 - 大直旗艦館,25.08356198694424,121.55600801110268
薇閣精品旅館 - 大直旗艦館,25.08356198694424,121.55600801110268
薇閣精品旅館 - 大直旗艦館,25.08356198694424,121.55600801110268
薇閣精品旅館 - 大直旗艦館,25.08356198694424,121.55600801110268
沃田旅店,25.1223839,121.53166310000006
鼎正國際商務旅館,25.04165145008674,121.5514039993286
鼎正國際商務旅館,25.04165145008674,121.5514039993286
鼎正國際商務旅館,25.04165145008674,121.5514039993286
鼎正國際商務旅館,25.04165145008674,121.5514039993286
鼎正國際商務旅館,25.04165145008674,121.5514039993286
鼎正國際商務旅館,25.04165145008674,121.5514039993286
鼎正國際商務旅館,25.04165145008674,121.5514039993286
大新商旅,25.054569,121.538343
沃客汽車旅館,25.11563200030118,121.5062318834324
沃客汽車旅館,25.11563200030118,121.5062318834324
沃客汽車旅館,25.11563200030118,121.5062318834324
沃客汽車旅館,25.11563200030118,121.5062318834324
沃客汽車旅館,25.11563200030118,121.5062318834324
沃客汽車旅館,25.11563200030118,121.5062318834324
玉璽精品飯店,25.118743,121.531297
玉璽精品飯店,25.118743,121.531297
玉璽精品飯店,25.118743,121.531297
日初青旅 Sundaily Hostel 北車,25.04475,121.5133542
日初青旅 Sundaily Hostel 北車,25.04475,121.5133542
東姿商務旅館,25.053520612278525,121.53161466121674
東姿商務旅館,25.053520612278525,121.53161466121674
東姿商務旅館,25.053520612278525,121.53161466121674
宜家居酒店式公寓,25.138389,121.502763
迪樂商旅,25.0528652,121.5119681
迪樂商旅,25.0528652,121.5119681
迪樂商旅,25.0528652,121.5119681
迪樂商旅,25.0528652,121.5119681
璽愛旅店,25.0468467,121.51400910000008
立德北投倆人旅店,25.137038760096672,121.5135258436203
立德北投倆人旅店,25.137038760096672,121.5135258436203
儷夏商旅 - 西門捷運館,25.044616114576687,121.50870323181152
儷夏商旅 - 西門捷運館,25.044616114576687,121.50870323181152
儷夏商旅 - 西門捷運館,25.044616114576687,121.50870323181152
苓旅-站前,25.046861279874843,121.51399300674598
苓旅-站前,25.046861279874843,121.51399300674598
苓旅-站前,25.046861279874843,121.51399300674598
台北慕軒飯店，臻品之選,25.03407421963185,121.54919385910034
台北慕軒飯店，臻品之選,25.03407421963185,121.54919385910034
台北慕軒飯店，臻品之選,25.03407421963185,121.54919385910034
賦樂旅居,25.04320334041341,121.5464573074097
賦樂旅居,25.04320334041341,121.5464573074097
賦樂旅居,25.04320334041341,121.5464573074097
賦樂旅居,25.04320334041341,121.5464573074097
賦樂旅居,25.04320334041341,121.5464573074097
賦樂旅居,25.04320334041341,121.5464573074097
賦樂旅居,25.04320334041341,121.5464573074097
賦樂旅居,25.04320334041341,121.5464573074097
賦樂旅居,25.04320334041341,121.5464573074097
台北寒舍艾美酒店,25.038198254618106,121.56822949647903
台北寒舍艾美酒店,25.038198254618106,121.56822949647903
台北寒舍艾美酒店,25.038198254618106,121.56822949647903
米窩飯店-松山館,25.0465159,121.577973
米窩飯店-松山館,25.0465159,121.577973
米窩飯店-松山館,25.0465159,121.577973
臺北嘉佩樂酒店,25.053678,121.5493812
臺北嘉佩樂酒店,25.053678,121.5493812
臺北嘉佩樂酒店,25.053678,121.5493812
臺北嘉佩樂酒店,25.053678,121.5493812
新驛旅店台北車站二館,25.051177002448203,121.51670694351196
新驛旅店台北車站二館,25.051177002448203,121.51670694351196
世聯商旅,25.050578032249057,121.53194323182106
世聯商旅,25.050578032249057,121.53194323182106
世聯商旅,25.050578032249057,121.53194323182106
世聯商旅,25.050578032249057,121.53194323182106
世聯商旅,25.050578032249057,121.53194323182106
世聯商旅,25.050578032249057,121.53194323182106
世聯商旅,25.050578032249057,121.53194323182106
世聯商旅,25.050578032249057,121.53194323182106
沃客商旅 承德館,25.115573654262,121.506157858197
沃客商旅 承德館,25.115573654262,121.506157858197
沃客商旅 承德館,25.115573654262,121.506157858197
沃客商旅 承德館,25.115573654262,121.506157858197
沃客商旅 承德館,25.115573654262,121.506157858197
山樂溫泉飯店,25.137909,121.50394099999994
山樂溫泉飯店,25.137909,121.50394099999994
山樂溫泉飯店,25.137909,121.50394099999994
雀客藏居台北陽明山,25.14349999943611,121.54889211058617
雀客藏居台北陽明山,25.14349999943611,121.54889211058617
雀客藏居台北陽明山,25.14349999943611,121.54889211058617
思泊客台北101,25.03275216610687,121.5628919005394
思泊客台北101,25.03275216610687,121.5628919005394
思泊客台北101,25.03275216610687,121.5628919005394
柯達大飯店台北長安,25.04855760627376,121.5331327862807
柯達大飯店台北長安,25.04855760627376,121.5331327862807
柯達大飯店台北長安,25.04855760627376,121.5331327862807
國聯大飯店,25.04217,121.557347
國聯大飯店,25.04217,121.557347
國聯大飯店,25.04217,121.557347
國聯大飯店,25.04217,121.557347
國聯大飯店,25.04217,121.557347
國聯大飯店,25.04217,121.557347
國聯大飯店,25.04217,121.557347
國聯大飯店,25.04217,121.557347
國聯大飯店,25.04217,121.557347
梧邸酒店 台北杭州,25.0401194,121.52565
梧邸酒店 台北杭州,25.0401194,121.52565
梧邸酒店 台北杭州,25.0401194,121.52565
梧邸酒店 台北杭州,25.0401194,121.52565
梧邸酒店 台北杭州,25.0401194,121.52565
梧邸酒店 台北杭州,25.0401194,121.52565
天使青旅台北西門,25.04239327973026,121.51222245767212
天使青旅台北西門,25.04239327973026,121.51222245767212
天使青旅台北西門,25.04239327973026,121.51222245767212
天使青旅台北西門,25.04239327973026,121.51222245767212
丹迪旅店大安森林公園店,25.033763149495933,121.53455972671507
丹迪旅店大安森林公園店,25.033763149495933,121.53455972671507
丹迪旅店大安森林公園店,25.033763149495933,121.53455972671507
丹迪旅店大安森林公園店,25.033763149495933,121.53455972671507
丹迪旅店大安森林公園店,25.033763149495933,121.53455972671507
丹迪旅店大安森林公園店,25.033763149495933,121.53455972671507
丹迪旅店大安森林公園店,25.033763149495933,121.53455972671507
丹迪旅店大安森林公園店,25.033763149495933,121.53455972671507
丹迪旅店大安森林公園店,25.033763149495933,121.53455972671507
丹迪旅店大安森林公園店,25.033763149495933,121.53455972671507
丹迪旅店大安森林公園店,25.033763149495933,121.53455972671507
丹迪旅店大安森林公園店,25.033763149495933,121.53455972671507
丹迪旅店大安森林公園店,25.033763149495933,121.53455972671507
丹迪旅店大安森林公園店,25.033763149495933,121.53455972671507
太平洋商旅,25.032387626783635,121.55759051442146
太平洋商旅,25.032387626783635,121.55759051442146
太平洋商旅,25.032387626783635,121.55759051442146
太平洋商旅,25.032387626783635,121.55759051442146
太平洋商旅,25.032387626783635,121.55759051442146
太平洋商旅,25.032387626783635,121.55759051442146
太平洋商旅,25.032387626783635,121.55759051442146
太平洋商旅,25.032387626783635,121.55759051442146
太平洋商旅,25.032387626783635,121.55759051442146
太平洋商旅,25.032387626783635,121.55759051442146
Hotel PaPa Whale,25.046458891942983,121.50556499636468
Hotel PaPa Whale,25.046458891942983,121.50556499636468
美侖商旅,25.052821,121.530306
美侖商旅,25.052821,121.530306
美侖商旅,25.052821,121.530306
美侖商旅,25.052821,121.530306
美侖商旅,25.052821,121.530306
美侖商旅,25.052821,121.530306
承攜行旅-台北八德館,25.048969424370583,121.56412839889526
承攜行旅-台北八德館,25.048969424370583,121.56412839889526
承攜行旅-台北八德館,25.048969424370583,121.56412839889526
承攜行旅-台北八德館,25.048969424370583,121.56412839889526
承攜行旅-台北八德館,25.048969424370583,121.56412839889526
相鐵飯店台北西門,25.041814130925,121.508663943048
相鐵飯店台北西門,25.041814130925,121.508663943048
相鐵飯店台北西門,25.041814130925,121.508663943048
相鐵飯店台北西門,25.041814130925,121.508663943048
相鐵飯店台北西門,25.041814130925,121.508663943048
相鐵飯店台北西門,25.041814130925,121.508663943048
相鐵飯店台北西門,25.041814130925,121.508663943048
相鐵飯店台北西門,25.041814130925,121.508663943048
相鐵飯店台北西門,25.041814130925,121.508663943048
探索汽車旅館南港館 臺北市旅館349-2號,25.05571109977009,121.59715175628617
探索汽車旅館南港館 臺北市旅館349-2號,25.05571109977009,121.59715175628617
RF富裕自由商旅 - 忠孝館,25.04179774097968,121.55378383380594
RF富裕自由商旅 - 忠孝館,25.04179774097968,121.55378383380594
印石時尚旅館,24.992027,121.575172
印石時尚旅館,24.992027,121.575172
印石時尚旅館,24.992027,121.575172
印石時尚旅館,24.992027,121.575172
印石時尚旅館,24.992027,121.575172
敘美行旅,25.042922,121.51303000000009
敘美行旅,25.042922,121.51303000000009
敘美行旅,25.042922,121.51303000000009
敘美行旅,25.042922,121.51303000000009
敘美行旅,25.042922,121.51303000000009
敘美行旅,25.042922,121.51303000000009
喜瑞飯店,25.047979220959284,121.52939915657043
喜瑞飯店,25.047979220959284,121.52939915657043
喜瑞飯店,25.047979220959284,121.52939915657043
喜瑞飯店,25.047979220959284,121.52939915657043
雀客旅館台北信義,25.03274973584832,121.5590898692608
雀客旅館台北信義,25.03274973584832,121.5590898692608
雀客旅館台北信義,25.03274973584832,121.5590898692608
雀客旅館台北信義,25.03274973584832,121.5590898692608
雀客旅館台北信義,25.03274973584832,121.5590898692608
雀客旅館台北信義,25.03274973584832,121.5590898692608
雀客旅館台北信義,25.03274973584832,121.5590898692608
雀客旅館台北信義,25.03274973584832,121.5590898692608
雀客旅館台北信義,25.03274973584832,121.5590898692608
宏洲旅社HZ Hotel,25.0459453,121.507833
麗之湯溫泉會館,25.136418748788675,121.51347282698362
麗之湯溫泉會館,25.136418748788675,121.51347282698362
洛碁大飯店忠孝館,25.04096518884683,121.55162615952452
洛碁大飯店忠孝館,25.04096518884683,121.55162615952452
洛碁大飯店忠孝館,25.04096518884683,121.55162615952452
洛碁大飯店忠孝館,25.04096518884683,121.55162615952452
城市商旅 北門館,25.05214467937325,121.51081616684678
城市商旅 北門館,25.05214467937325,121.51081616684678
國王大飯店,25.05194484637407,121.52671694755554
國王大飯店,25.05194484637407,121.52671694755554
香樹花園酒店,25.083989,121.56066
香樹花園酒店,25.083989,121.56066
香樹花園酒店,25.083989,121.56066
香樹花園酒店,25.083989,121.56066
香樹花園酒店,25.083989,121.56066
香樹花園酒店,25.083989,121.56066
香樹花園酒店,25.083989,121.56066
香樹花園酒店,25.083989,121.56066
新驛旅店台北車站三館,25.051038498443223,121.51671096682549
新驛旅店台北車站三館,25.051038498443223,121.51671096682549
台北天成大飯店,25.046188329544403,121.518208980724
漾館溫泉飯店,25.13512047590462,121.5046638250351
台北商旅-大安館,25.03861866996092,121.54626488685608
台北商旅-大安館,25.03861866996092,121.54626488685608
台北商旅-大安館,25.03861866996092,121.54626488685608
北投亞太飯店 ,25.137099,121.515089
北投亞太飯店 ,25.137099,121.515089
北門窩泊旅,25.05223378307381,121.5155190846558
北門窩泊旅,25.05223378307381,121.5155190846558
北門窩泊旅,25.05223378307381,121.5155190846558
北門窩泊旅,25.05223378307381,121.5155190846558
台北國際飯店,25.05195821070363,121.52493596076964
家美瑞品 台北 - Jiamei Hotel,25.04607890197,121.524279626835
家美瑞品 台北 - Jiamei Hotel,25.04607890197,121.524279626835
家美瑞品 台北 - Jiamei Hotel,25.04607890197,121.524279626835
華麗大飯店Ferrary Hotel,25.04153480608403,121.5023222565651
華麗大飯店Ferrary Hotel,25.04153480608403,121.5023222565651
Fashion Home Business Hotel 時尚居商旅,25.05808968940046,121.53762801130968
Fashion Home Business Hotel 時尚居商旅,25.05808968940046,121.53762801130968
Fashion Home Business Hotel 時尚居商旅,25.05808968940046,121.53762801130968
Fashion Home Business Hotel 時尚居商旅,25.05808968940046,121.53762801130968
三德飯店,25.06485653913011,121.51848524808884
三德飯店,25.06485653913011,121.51848524808884
三德飯店,25.06485653913011,121.51848524808884
三德飯店,25.06485653913011,121.51848524808884
三德飯店,25.06485653913011,121.51848524808884
三德飯店,25.06485653913011,121.51848524808884
三德飯店,25.06485653913011,121.51848524808884
三德飯店,25.06485653913011,121.51848524808884
北投馥悅溫泉酒店,25.137675712705,121.510206423279
北投馥悅溫泉酒店,25.137675712705,121.510206423279
北投馥悅溫泉酒店,25.137675712705,121.510206423279
雀客藏居台北南港,25.05582773028587,121.5967708826065
雀客藏居台北南港,25.05582773028587,121.5967708826065
雀客藏居台北南港,25.05582773028587,121.5967708826065
雀客藏居台北南港,25.05582773028587,121.5967708826065
雀客藏居台北南港,25.05582773028587,121.5967708826065
西門星辰大飯店,25.04426740571061,121.50357618927956
美代溫泉飯店,25.137125,121.510889
美代溫泉飯店,25.137125,121.510889
幸福蘋果旅店,25.044283,121.50407
幸福蘋果旅店,25.044283,121.50407
幸福蘋果旅店,25.044283,121.50407
幸福蘋果旅店,25.044283,121.50407
尚美精旅愛行旅,25.05775899591628,121.52217428249514
尚美精旅愛行旅,25.05775899591628,121.52217428249514
尚美精旅愛行旅,25.05775899591628,121.52217428249514
帥客旅店,25.030099510230183,121.51968821883202
帥客旅店,25.030099510230183,121.51968821883202
帥客旅店,25.030099510230183,121.51968821883202
帥客旅店,25.030099510230183,121.51968821883202
瘋台北青旅 Fun Inn Taipei Hostel,25.04567727086611,121.5106961131096
瘋台北青旅 Fun Inn Taipei Hostel,25.04567727086611,121.5106961131096
瘋台北青旅 Fun Inn Taipei Hostel,25.04567727086611,121.5106961131096
瘋台北青旅 Fun Inn Taipei Hostel,25.04567727086611,121.5106961131096
瘋台北青旅 Fun Inn Taipei Hostel,25.04567727086611,121.5106961131096
Hotel Riverview Taipei,25.04448975329029,121.50147199630736
Hotel Riverview Taipei,25.04448975329029,121.50147199630736
承攜行旅-台北信義館(豪麗旺),25.032178623749807,121.5593245625496
藝築文旅-昆明館Artinn Kunming,25.042863,121.5048821
藝築文旅-昆明館Artinn Kunming,25.042863,121.5048821
君品酒店,25.04903624762562,121.51709988713264
君品酒店,25.04903624762562,121.51709988713264
君品酒店,25.04903624762562,121.51709988713264
君品酒店,25.04903624762562,121.51709988713264
君品酒店,25.04903624762562,121.51709988713264
君品酒店,25.04903624762562,121.51709988713264
君品酒店,25.04903624762562,121.51709988713264
君品酒店,25.04903624762562,121.51709988713264
瀚寓酒店,25.039566,121.563322
瀚寓酒店,25.039566,121.563322
瀚寓酒店,25.039566,121.563322
瀚寓酒店,25.039566,121.563322
瀚寓酒店,25.039566,121.563322
瀚寓酒店,25.039566,121.563322
瀚寓酒店,25.039566,121.563322
瀚寓酒店,25.039566,121.563322
寓見青旅,25.035814,121.50327590000006
寓見青旅,25.035814,121.50327590000006
享住青旅,25.0459235,121.5147033
享住青旅,25.0459235,121.5147033
金通商旅-貓尾口袋,25.049577,121.513627
金通商旅-貓尾口袋,25.049577,121.513627
安庭青年旅舍- 台北車站,25.0521259,121.51716699999996
安庭青年旅舍- 台北車站,25.0521259,121.51716699999996
Dan Hostel丹居青旅,25.04137369251149,121.50669209602404
Dan Hostel丹居青旅,25.04137369251149,121.50669209602404
Dan Hostel丹居青旅,25.04137369251149,121.50669209602404
Dan Hostel丹居青旅,25.04137369251149,121.50669209602404
Dan Hostel丹居青旅,25.04137369251149,121.50669209602404
Dan Hostel丹居青旅,25.04137369251149,121.50669209602404
Dan Hostel丹居青旅,25.04137369251149,121.50669209602404
MEANDER Taipei,25.043935706112865,121.50246977806091
MEANDER Taipei,25.043935706112865,121.50246977806091
MEANDER Taipei,25.043935706112865,121.50246977806091
MEANDER Taipei,25.043935706112865,121.50246977806091
MEANDER Taipei,25.043935706112865,121.50246977806091
橙舍一館 TW Hostel I,25.04571812527568,121.5071609616284
橙舍一館 TW Hostel I,25.04571812527568,121.5071609616284
橙舍太空艙 TW Capsule Hostel,25.04569291400598,121.50712341070177
橙舍太空艙 TW Capsule Hostel,25.04569291400598,121.50712341070177
