pm_name,pm_Latitude,pm_Longitude,pm_type,pm_LandPublicArea,pm_location
七虎公園,25.136165,121.50155,公園,10098,育仁路108號（薇閣小學旁）
七星公園,25.136619568,121.50302124,公園,12056,光明路、中山路交叉口（新北投捷運站）
八仙公園,25.120286,121.502916,公園,2842,公館路423巷8弄
大豐公園,25.131940842,121.50373077,公園,12391,公館路13號旁
中央簡易公園,25.128099442,121.49992371,公園,4463,大興街與中央南路二段6巷口
中庸1號公園,25.138040543,121.50124359,公園,5049,位於北投區中庸里雙全街50號對面
丹鳳公園,25.126480103,121.5109787,公園,8185,公館路255巷19弄旁
公館公園,25.127990723,121.50643158,公園,8960,奇岩新社區(公三)
天狗庵遺址,25.135929108,121.50666809,公園,769,溫泉路73巷(天狗庵舊址)
文化1號公園,25.136535,121.496462,公園,2855,位於北投區文化里中央北路二段文化國小對面
文化2號公園,25.13643074,121.49684143,公園,1164,位於北投區文化里中央北路一段228巷
文化3號公園,25.137699127,121.49471283,公園,563,中央北路二段68巷進入(42巷11弄旁)
北投258號綠地(承德4號),25.1019,121.51245,公園,1780,承德路六段與福國路交叉口，北投士林科技園區(綠4，區段徵收)
北投2號公園,25.137179,121.508149,公園,12480,中山路2號
北投6號廣場,25.137035,121.503824,公園,633,大業路、光明路口，新北投捷運站前廣場(捷運局闢建)
北投公園,25.13656044,121.50473022,公園,67344,北投區中山路、光明路所圍範圍
北投社三層崎公園,25.14574,121.491156,公園,29835,北投區秀山路50號旁
石牌公園,25.116359711,121.51036072,公園,23582,石牌路一段39巷內
立農公園,25.118789673,121.50350952,公園,17822,承德路七段378號
吉利公園,25.119010925,121.50836945,公園,5270,位於北投區立農里吉利街179號旁
同德公園,25.125070572,121.52944946,公園,6750,位於北投區永欣里同德街27巷19號對面
地熱谷公園,25.137559891,121.5109787,公園,12950,臺北市北投區中山路30-1號(中山路與溫泉路交口)
行義公園,25.125389099,121.52523041,公園,36313,石牌路二段343巷8號
奇岩1號公園,25.128339,121.503698,公園,18729,臺北市北投區磺港路208號(奇岩新社區公一)
奇岩二號公園,25.126499176,121.50369263,公園,12442,臺北市北投區216號(奇岩新社區公二)
奇岩三號公園,25.125980377,121.50521851,公園,6154,奇岩新社區(公四)
東華公園,25.121839523,121.50707245,公園,75820,東華街二段300巷19號對面
林泉公園,25.14133,121.51482,公園,2027,溫泉路168號旁
知行公園,25.119729996,121.46665192,公園,2759,位於北投區關渡里知行路225巷
長安公園,25.135559082,121.50016022,公園,14042,育仁路109號對面(薇閣國小旁)
前山公園,25.150576524,121.5484437,公園,38328,臺北市北投區建國街4號旁及紗帽路117號對面
建民公園,25.104744,121.519809,公園,3230,文林北路16巷7號對面
泉源47號公園,25.14209938,121.5124588,公園,11473,泉源路80號對面山腳下
泉源48號公園,25.141939163,121.50715637,公園,15553,北投珠海路120號附近
洲美(公4)公園,25.100089,121.506347,公園,5753,洲美街122號
洲美蜆仔港公園,25.100997114,121.51118635,公園,30818,台北市士林區承德路六段329號
致遠公園,25.111270905,121.5150528,公園,2503,位於北投區榮光里致遠一路二段自強市場旁
重三公園,25.140159607,121.48928833,公園,4401,新興路與重三路交叉口(重三新村八期重劃)政校後勤區
振華公園,25.115169525,121.51885223,公園,9073,位於北投區振華里振華街24號對面
振興公園,25.117461,121.522978,公園,10950,天母西路與磺溪交叉口
桂花公園,25.137910843,121.51022339,公園,1396,中山路5-7號(林泉里辦公處旁)
桃源公園,25.138069153,121.48275757,公園,16114,中央北路三段148巷底
健行公園,25.121210098,121.50882721,公園,2367,位於北投區東華里致遠三路147巷二弄內
崇仰公園,25.12609,121.51106,公園,21686,崇仰一路、公館路225巷底
清江1公園,25.123910904,121.50247955,公園,3292,位於北投區清江里崇仁路一段154號對面
清江二公園,25.123680115,121.50189209,公園,1161,位於北投區清江里崇仁路1段154號旁
軟橋公園,25.103102,121.517613,公園,4510,台北市北投區文林北路5巷58號
復興公園,25.139690399,121.50322723,公園,26356,北投中和街200號
開明公園,25.141130447,121.50531769,公園,5574,珠海路112號附近
陽明公園,25.1590167547,121.539011156,公園,397288,臺北市北投區湖山路二段
新興公園,25.13934,121.48703,公園,2931,新興路145號旁(六期重劃)
溫泉綠地,25.138933,121.512342,公園,3220,溫泉路137號旁
聖景一公園,25.12045,121.46351,公園,247,聖景路100號內
聖景二公園,25.12038,121.46381,公園,184,聖景路101號旁
聖景三公園,25.12046,121.46382,公園,329,聖景路100號內
榮光公園,25.11472,121.51429,公園,3293,位於北投區榮光里石牌路1段石牌國中對面
榮富公園,25.114229202,121.52472687,公園,9135,榮華三路及磺溪旁(過天母橋)
榮華公園,25.110549927,121.52198792,公園,15199,明德路150巷3弄
福星(公1)公園,25.108828,121.512326,公園,91500,文林北路255號
稻中公園,25.138629913,121.4892807,公園,1592,中央北路二段334號旁(政校後勤區)
稻香公園,25.140949249,121.4885788,公園,839,位於北投區稻香里新興路72號對面
線形公園(一德里),25.129796,121.471619,公園,68,北投區中央北路四段372號對面
線形公園(中央北路3段),25.13687,121.48244,公園,105,中央北路三段164號對面
線形公園-北投25號綠地B,25.1225584084,121.5019876577,公園,166,臺北市北投區八仙里崇仁路一段166巷口近捷運邊
線形公園-芝山明德段,25.112372502,121.517139998,公園,2057,北投區線形公園東華街一段
線形公園（大同里）北投29號,25.133587,121.497223,公園,153,北投區北投路2段55號斜對面
學園公園,25.128269196,121.46634674,公園,14198,學園路、藝術大學門口旁
磺港公園,25.130512,121.50446,公園,8657,磺港路大興街交口
豐年公園,25.136009216,121.49665833,公園,1565,位於北投區豐年里中央北路大業路口
關渡公園,25.11973,121.46369,公園,23351,知行路210巷底
觀海公園,25.123580933,121.46344757,公園,8824,中央北路4段601巷附近
嗄嘮別公園,25.140350342,121.48442078,公園,21888,中央北路三段、桃源國小東北側
大業綠地(北投163號),25.136240005,121.49053955,綠地,13517,大業路西側大度路口起延伸至大業路517巷旁田埂路
中和綠地,25.141880035,121.49880219,綠地,315,中和街363號附近
天溪綠地,25.13519,121.5301,綠地,51407,行義路58巷33號附近
文化綠地,25.137449,121.498406,綠地,1257,大業路、永興路一段交叉口
北投106號綠地,25.1110820768,121.5209045457,綠地,3502,建明路165之1及明德路旁(石牌綠地系統)
北投120號綠地,25.120132,121.501115,綠地,1752,承德路七段400號前(公館路至磺港溪間)
北投121號綠地,25.116640091,121.50498962,綠地,2774,承德路七段214號前東側
北投122號綠地,25.113069534,121.50892639,綠地,1677,承德路七段168號旁前東側
北投123號綠地,25.117135,121.503849,綠地,4890,承德路七段前西側(尊賢街267巷口對面起迄立農公園對面)
北投124號綠地,25.114865,121.506329,綠地,23261,承德路六段到承德路七段(福國路口起迄立賢西路口間)前西側
北投135號綠地,25.111839294,121.51030731,綠地,1306,承德路七段上(32巷至石牌路一段間)
北投138號綠地,25.114419937,121.50273895,綠地,9155,承德路七段右側，立賢路南側
北投160號綠地,25.135316,121.496586,綠地,441,大業路二段533-545號前
北投161號綠地 (田心仔綠地),25.135139465,121.49492645,綠地,6150,中央北路二段257巷東側，大業路525巷6弄旁
北投164號綠地,25.133449554,121.49597931,綠地,2565,大業路東側，十信工高旁
北投165號綠地,25.131759644,121.49623871,綠地,1362,大業路452巷
北投166號綠地,25.13051033,121.49687195,綠地,1283,大業路東側
北投167號綠地,25.128405,121.497707,綠地,2208,大業路400號東側
北投168號綠地,25.124370575,121.49919128,綠地,4510,大業路50號東側
北投169號綠地,25.12072,121.499533,綠地,2809,大度路一段，承德路口南側
北投181號一德綠地,25.123939514,121.46476746,綠地,414,大度路三段，中央北路四段(萬善宮旁)
北投182號綠地,25.123399734,121.46772766,綠地,5857,大度路三段274號北側
北投183號綠地,25.123010635,121.47186279,綠地,1851,大度路三段北側
北投185號綠地,25.123425,121.464987,綠地,2600,大度路三段南側(關渡派出所後)
北投186號綠地,25.123029709,121.46652985,綠地,482,大度路三段南側，知行路314號旁
北投187號綠地,25.122909546,121.46829224,綠地,2077,大度路三段南側
北投188號綠地,25.122749329,121.47055817,綠地,3632,大度路三段南側
北投191號綠地,25.122489929,121.48084259,綠地,12448,大度路二段北側
北投192號綠地,25.122089386,121.48091125,綠地,13087,大度路二段南側
北投203號綠地,25.12065,121.5031,綠地,808,公館路423巷11-17號前(區段徵收)
北投257號綠地(承德3號),25.10442,121.512199,綠地,1311,承德路六段上，北投士林科技園區(綠3，區段徵收)
北投39號綠地,25.121984,121.462777,綠地,729,聖景路140~150號前
北投62號綠地,25.129382,121.503215,綠地,3116,磺港路上(清江路177巷口至清江路113巷口)
北投63號綠地,25.127590179,121.50334167,綠地,3198,磺港路上(三合橋旁至清江路177巷口)
北投64號綠地,25.126383,121.503285,綠地,4758,磺港路上(崇仁路一段131巷口至三合橋旁)
北投65號綠地,25.124689102,121.50305176,綠地,2659,磺港路上(崇仁路一段155巷口至131巷口)
北投66號綠地,25.123739243,121.50296021,綠地,520,磺港路上(崇仁路一段155巷口兩側)
北投69號綠地,25.126020432,121.51203918,綠地,383,崇仰一路11號旁
北投90號綠地,25.118619919,121.52033234,綠地,1302,石牌路二段臺北護理大學圍牆外(榮總對面)
北投91號綠地,25.119029999,121.52163696,綠地,256,石牌路二段上振興街口與天母西路口間(榮總急診入口處對面)
北投92號綠地,25.119260788,121.52227783,綠地,255,石牌路二段與天母西路、天母西路130巷間
北投98號綠地,25.115659714,121.51550293,綠地,911,石牌路二段上(東華街二段起至裕民三路口)
永和綠地,25.127910614,121.52793121,綠地,435,行義路98號附近
永欣綠地,25.12384,121.52695,綠地,4676,石牌路二段371巷3號
安明綠地,25.135616,121.502133,綠地,3776,光明路157巷2弄1號(七虎公園旁)
奇岩4號綠地,25.126039505,121.50554657,綠地,9973,三合路一段，清江國小旁。
忠義公園,25.135152,121.477771,綠地,2515,台北市北投區中央北路四段32號旁
承仙綠地,25.119680405,121.50263214,綠地,288,承德路7段.公館路交會東北側
明德公園,25.10725975,121.52098083,綠地,665,東華街一段10號附近
林投坑(一)綠地,25.136749268,121.48937225,綠地,1760,中央北路二段257號後(貴子坑溪至北投捷運機場北側)
林投坑(二)綠地,25.136510849,121.4890976,綠地,1775,中央北路二段257號後(貴子坑溪至北投捷運機場南側)
湖山綠地,25.1517872961,121.5438304285,綠地,7833,台北市北投區湖山路一段
番仔厝綠地,25.134130478,121.49590302,綠地,2680,大業路525巷及517巷之間
磅空頂綠地,25.122980118,121.46507263,綠地,9384,大度路三段301巷28弄底，馬偕護校東側(原北投第二號公墓)
線形公園-北投19號綠地,25.1168528667,121.5140161289,綠地,373,臺北市北投區永明里東華街二段36號
線形公園-北投22號綠地,25.1201947276,121.5100943656,綠地,268,112臺北市北投區東華里東華街二段202號正對面
線形公園-北投25號綠地A,25.1220832616,121.5024151406,綠地,9707,臺北市北投區八仙里公舘路420號對面西安橋旁
櫻花崗公園,25.12349,121.52616,綠地,4734,石牌路二段與天母北路交叉口
北投3號廣場,25.131959915,121.49784088,廣場,11040,北投路二段，捷運北投站前廣場(捷運局82年代辦重建)
41號公園,25.10709,121.5644,公園,4048,中社路雙溪國小對面
士林官邸公園,25.094900131,121.53015137,公園,129965,中山北路5段378巷以北/福林路.中山北路交叉口右側(士林官邸)
山仔后公園,25.1372910255,121.5456354714,公園,2292,台北市士林區光華路3號
天母公園,25.1259089,121.530518,公園,57815,臺北市士林區中山北路7段141巷旁
天和一號公園,25.11844,121.53471,公園,1858,天母東路69巷口
天和公園,25.119819641,121.53398895,公園,14936,臺北市士林區天母東路69巷前
天壽公園,25.1140282,121.5256861,公園,6558,中山北路六段405巷右側
天福2號公園,25.117090225,121.53160858,公園,727,天母東路8巷25-1號對面
外雙溪公園,25.101270676,121.55239105,公園,2240,至善路2段284巷19號
仰德一號公園,25.100070953,121.53778076,公園,2621,仰德大道1段2-1號
仰德二號公園,25.099990845,121.53827667,公園,2284,仰德大道1段2-2號
名山公園,25.101549149,121.53237152,公園,5690,至誠路一段215號旁(雨農橋附近)
至善公園,25.098190308,121.53829193,公園,24786,臺北市士林區福林路、至善路口東北側
至誠公園,25.101089478,121.53668213,公園,3326,至誠路1段24號對面
至德園公園,25.098400116,121.54640198,公園,8722,至善路2段113巷
住六(公一)公園,25.1369139631,121.5594925005,公園,4227,臺北市陽明山住六(公一)重劃區  臺北市士林區富館街附近
住六(公二)公園,25.1376053522,121.5576499443,公園,5786,陽明山6-6重劃區(臺北市士林區草東街附近)
克強公園,25.107985964,121.521967,公園,16505,臺北市士林區磺溪街55巷
志成公園,25.09669,121.53086,公園,14806,臺北市士林區中正路與志成街交叉口
忠誠公園,25.103420258,121.52574158,公園,10149,臺北市士林區中山北路六段與忠誠路一段交叉口
承德公園,25.089660645,121.52198029,公園,8240,大南路138號對面
明勝公園,25.079968,121.519187,公園,221,承德路4段6巷56號旁
東和公園,25.1226002,121.5336861,公園,31800,臺北市士林區中山北路7段114巷旁
社子公園,25.090370178,121.50602722,公園,10713,臺北市士林區永平街20巷11弄3號對面
社子島福安里堤防綠地,25.09814157,121.4964373417,公園,780,延平北路7段106巷52弄口蹄側(士林社子島福安里堤防綠地)
社正公園,25.087499619,121.51042175,公園,3860,中正路與重慶北路四段交叉處
芝山公園,25.102369308,121.53177643,公園,100063,至誠路一段、雨聲街交叉口
花卉試驗中心,25.1350154328,121.5444106431,公園,40666,臺北市士林區仰德大道4段175巷32號
前港公園,25.0860629,121.5201556,公園,36129,臺北市士林區前港街與華齡街交叉口
後港公園,25.093237,121.514454,公園,3411,承德路五段78號旁（度量衡檢定所旁）
美崙公園,25.097379684,121.51721954,公園,60288,臺北市士林區美崙街152巷
原住民文化主題公園,25.101570129,121.55075073,公園,22899,臺北市士林區至善路2段221號旁
海光公園,25.081850052,121.50788116,公園,10084,臺北市士林區環河北路三段與葫蘆街交口
基河公園,25.080039978,121.52401733,公園,4240,基河路14號對面
基隆河沖洗溝加蓋綠地,25.084049225,121.52316284,公園,8745,"承德路,後港街間(基隆河沖洗溝加蓋綠地)."
華聲公園,25.095979691,121.52249146,公園,3754,華聲街20號對面
華齡公園,25.084049225,121.52316284,公園,1200,承德路，後港街間
新佳公園,25.098630905,121.5194931,公園,677,文昌路179巷12號對面
福中公園,25.087919235,121.51883698,公園,3852,福港街107巷百齡國小附近
福志公園,25.099050522,121.53405762,公園,12403,臺北市士林區忠勇街40巷20弄底
福林公園,25.0958004,121.52947235,公園,26316,中山北路與福林路交叉口
福華公園,25.0821799,121.5189218,公園,275,通河街325巷北側
福順公園,25.082349777,121.51113129,公園,1827,延平北路5段136巷內
翠山公園,25.10845,121.56995,公園,12171,中央社區翠山街與中社路二段口
德仁公園,25.102659225,121.52146149,公園,348,文林路714巷內
德行公園,25.105110168,121.52365112,公園,7399,德行西路30號仰德活動中心旁
線形公園-前街,25.097214,121.524831,公園,1193,中正路236巷與前街交叉口(淡水捷運高架下方)
線形公園-後街,25.097214,121.524831,公園,1193,文林路594巷與後街交叉口(淡水捷運高架下方)
線形公園-劍潭,25.079087,121.523387,公園,5230,通河街2巷與承德路四段9巷交叉口旁(劍潭國小後方)
衛理兒童遊戲場,25.102329254,121.55330658,公園,908,至善路二段332巷旁
磺溪公園,25.104879379,121.52062988,公園,4050,德行西路93巷底
雙溪公園,25.098039627,121.53591919,公園,62486,福林路至善路口東南側
雙溪濕地公園,25.096977,121.511988,公園,25500,台北市士林區承德路五段150巷1號
蘭雅1號公園,25.1099324,121.5291121,公園,11110,臺北市士林區忠誠路2段24號旁
蘭雅公園,25.109744,121.529919,公園,7080,臺北市士林區忠誠路2段32巷旁
蘭興公園,25.111029,121.525193,公園,13032,臺北市士林區克強路10巷底
209號綠地,25.092599869,121.52806854,綠地,836,中山北路五段東側5米綠帶(原203號公園區段徵收)
士林116號綠地,25.096460342,121.51360321,綠地,1311,承德路五段
士林117號綠地,25.09703064,121.51390076,綠地,1237,承德路五段
士林118號綠地,25.093179703,121.51946259,綠地,1150,基隆河廢河道，中正路北側
士林120號綠地,25.09305954,121.52044678,綠地,2982,基隆河廢河道，中正路南側
士林121號綠地,25.092269897,121.51580811,綠地,2048,承德路五段
士林128號綠地,25.084669113,121.5223465,綠地,865,前港街10號前
士林130號綠地,25.089599609,121.50258636,綠地,2876,延平北路六段271-1號
士林131號綠地,25.090789795,121.50559235,綠地,805,"永平街46巷1弄,3弄間"
士林132號綠地,25.090660095,121.50682068,綠地,2431,延平北路六段110巷
士林136號綠地,25.086910248,121.51091003,綠地,1369,百齡橋西側引道三角綠地
士林139號綠地,25.084869385,121.50940704,綠地,1474,延平北路五段257巷41號前
士林151號綠地,25.095760345,121.54843903,綠地,2313,自強隧道綠地
士林156號綠地,25.103392,121.554827,綠地,4533,至善國中邊
士林173號綠地 (蘭興1號綠地),25.112800598,121.52619934,綠地,4263,中山北路六段士東路口
士林179號綠地,25.104330063,121.52942657,綠地,382,芝山公園石頭公廟綠地
士林197號綠地,25.136188,121.558964,綠地,4082,永公路245巷34弄
士林199號綠地,25.140520096,121.55845642,綠地,8138,永公路245巷34弄西側
士林200號綠地,25.136980057,121.5616684,綠地,261,永公路245巷34弄東側
士林201號綠地,25.133640289,121.56066895,綠地,2737,永公路245巷34弄西側(往閻錫山墓園小路兩旁)
士林206綠地(番仔田綠地),25.097959518,121.54802704,綠地,1251,故宮路15巷底
士林207綠地(番仔田小綠地),25.096759796,121.54839325,綠地,509,故宮路41巷底
士林208號綠地,25.097330093,121.5337677,綠地,800,"福林路,泰北中學旁"
士林4號綠地(現況因捷運施工故不開放),25.136880875,121.54627228,綠地,248,凱旋路與格致路交叉口
士林68號綠地,25.099069595,121.53643036,綠地,540,福林路、至善路交叉口綠地
士林73號綠地 (天美綠地),25.121599197,121.52597046,綠地,6895,天母西路95巷
士林75號綠地,25.123203,121.529441,綠地,222,天玉街圓環
士林76號綠地,25.124725,121.532776,綠地,355,天母派出所前圓環 (中山北路6段底)
士林79號綠地,25.115579605,121.52677917,綠地,536,中山北路六段405巷21號前.
士林89號綠地,25.105770111,121.52893066,綠地,440,德行東路104巷口
天壽二號(士林80號)綠地,25.113260269,121.52642059,綠地,1681,中山北路六段左側，士東國小對面
天壽公園(士林77),25.1143706298,121.5255595847,綠地,6558,中山北路六段405巷左側(榮華三路至中山北路六段405巷28號間).
天福綠地,25.116750717,121.532547,綠地,1580,天母東路22巷23號對面
永倫綠地,25.091520309,121.50052643,綠地,2912,倫等街
至臨綠地,25.104290009,121.55560303,綠地,4782,外雙溪至善路二段290號
東吳綠地,25.096580505,121.5427475,綠地,4158,臨溪路旁
添壽一號綠地,25.116739273,121.52690125,綠地,288,天母西路32巷底
聖山綠地,25.106830597,121.53234863,綠地,344,忠義街，德行東路190巷交叉口
福文公園,25.090650558,121.52722931,綠地,1063,中山北路五段441號
福德綠地A,25.079538,121.512395,綠地,368,重慶北路四段1巷，高速公路交流道旁
福德綠地B,25.079262,121.512066,綠地,368,重慶北路四段1巷，高速公路交流道旁
士林3號廣場,25.104530334,121.52461243,廣場,2590,忠誠路中山北路六段交叉口西側
天母廣場,25.118749619,121.5300827,廣場,3741,中山北路與天母東.西路交接處
天生廣場,25.126190186,121.53125,廣場,839,中山北路七段219巷旁
一江公園,25.053279877,121.53125763,公園,2330,一江街31號對面
八二三砲戰紀念公園,25.076799393,121.52677155,公園,14700,圓山飯店東側
力行三號公園,25.085430145,121.53668976,公園,6321,"通北街146巷,力行新村附近"
下埤公園,25.06701088,121.5422821,公園,2055,民族東路512巷內
下塔悠公園,25.076929092,121.55956268,公園,24268,樂群一路旁，基隆河截彎取直範圍內(平均地權基金)
上塔悠公園,25.077510834,121.55200195,公園,13187,樂群一路旁，基隆河截彎取直範圍內(平均地權基金)
大佳社區公園,25.072750092,121.53765869,公園,1001,濱江街154巷對面（高速公路旁）
大直公園,25.082710266,121.54727936,公園,797,北安路621巷30號邊
中427公園,25.080329895,121.55599213,公園,3395,敬業三路與樂群二路交會口
中428公園,25.078447,121.553485,公園,1216,樂群二路30巷內
中429公園,25.078469,121.555858,公園,2038,樂群二路116巷旁
中430公園,25.078290939,121.56208038,公園,2702,基湖路120巷30弄1至7號對面
中431公園,25.077400208,121.56520844,公園,2830,基湖路151巷46弄對面
中山21號廣場,25.080799103,121.55628204,公園,2584,"樂群二路旁,基隆河截彎取直範圍內"
中吉公園,25.056360245,121.53183746,公園,2970,松江路170巷內
中安公園 ,25.056489944,121.52398682,公園,2000,中山北路2段65巷2弄內
中原公園,25.055810928,121.52858734,公園,2273,吉林路144巷與中原街交口處
仁德公園,25.053180695,121.52908325,公園,1881,吉林路108巷吉林國小附近
四平公園,25.053230286,121.53450775,公園,2845,松江路123巷內
正守公園,25.048051,121.528745,公園,824,長安東路一段56巷
民享公園,25.059230804,121.52111053,公園,1610,民生西路45巷9弄內
永安公園,25.079120636,121.54521179,公園,1165,北安路518巷14弄內
永直公園,25.08147049,121.55052948,公園,3358,北安路608巷14弄1號
永盛公園,25.059030533,121.52480316,公園,4125,"中山北路2段93巷26,40號間"
永靜公園,25.061559677,121.52178192,公園,1850,中山北路二段128巷內
伊通公園,25.050159454,121.53476715,公園,4715,松江路85巷內
吉林公園,25.050825119,121.52893066,公園,1579,吉林路14巷內
合江公園,25.058660507,121.53948212,公園,333,合江街73巷口
朱昌公園,25.055459976,121.53881836,公園,2637,合江街58巷口
朱厝崙公園,25.047550201,121.5410614,公園,1557,龍江路21巷內
朱崙公園,25.049339294,121.54168701,公園,2423,龍江路45巷內
朱園公園,25.045558,121.533387,公園,1021.85,渭水路與市民大道三段交叉口
江寧公園,25.061229706,121.53941345,公園,1230,龍江路286巷
自強公園,25.086019,121.548603,公園,6892,大直街124巷內
明水公園,25.078819275,121.54805756,公園,10002,北安路538巷1弄1號前
林森公園,25.052339554,121.52587128,公園,29331,南京東路一段、林森北路右側
松江公園,25.050369263,121.53246307,公園,1804,松江路90巷
松錦1號公園,25.060117,121.532404,公園,906,民生東路二段127巷
松錦2號公園,25.059608,121.532089,公園,1390,民生東路二段115巷25弄
直安公園,25.081199646,121.54785156,公園,550,北安路573巷內
花博公園美術園區,25.07060051,121.5239563,公園,103220,中山北路以東，民族東路以北 (原民族公園)
花博公園圓山園區,25.071569443,121.52062225,公園,159410,捷運圓山站以東、兒育中心以南、爭豔館以北、中山北路以西
花博公園新生園區,25.068569183,121.53050232,公園,195000,新生北路三段105號.民族東路松江路間
金泰公園,25.076495,121.565167,公園,14117,樂群一路旁，基隆河截彎取直範圍內(平均地權基金)
建興公園,25.047149658,121.53817749,公園,804,八德路二段167巷內
培英公園,25.082269669,121.54498291,公園,8622,北安路501巷實踐大學前
康樂公園,25.053409576,121.52514648,公園,13385,南京東路一段、林森北路左側
復華公園,25.053129196,121.53968048,公園,2176,龍江路114巷內
晴光公園,25.063899994,121.52456665,公園,2740,"雙城街7,13及10巷口"
華山公園,25.047745,121.525861,公園,14565,市民大道二段上
華山公園B,25.047745,121.525861,公園,14565,市民大道二段上
進安公園,25.045869827,121.53746796,公園,2163,八德路二段146巷內
集英公園,25.065402,121.521344,公園,1890,中山北路三段36巷14弄
圓山自然景觀公園,25.075055,121.52233,公園,98000,台北市中山區玉門街33號
敬業公園,25.085728,121.556045,公園,2153,北安路821巷4弄
新喜公園,25.065429688,121.53218842,公園,2903,吉林路393巷內
新祿公園,25.067159653,121.52964783,公園,1312,新生北路3段87巷內
新壽公園,25.063310623,121.52992249,公園,1215,吉林路301號對面
新興公園,25.061519623,121.52465057,公園,1630,中山北路二段137巷內
農安公園,25.065280914,121.53526306,公園,1333,農安街227巷3弄底
榮星花園公園,25.062650681,121.54049683,公園,65192,榮星花園舊址，民權東路建國北路
聚葉公園,25.060496,121.527236,公園,649,新生北路二段與錦州街交口(錦州橋下)
劍潭公園,25.080108,121.524598,公園,6935,圓山飯店西側，中山北路四段
德惠公園,25.067489624,121.53156281,公園,1360,吉林路461巷內
撫順公園,25.064579,121.52199,公園,2007,中山北路三段大同公司前
線形公園-心雙連,25.060237,121.520521,公園,10969,民權西路70巷及民生西路45巷
線形公園-民族西至民權西路段,25.066759,121.519475,公園,14884,撫順街41巷(淡水捷運高架下方)
線形公園-圓山至民族西路段,25.069382,121.519822,公園,13011,玉門街(淡水捷運高架下方)
興安公園,25.055679321,121.54177856,公園,3903,遼寧街170巷
興亞公園,25.047380447,121.53160095,公園,875,長安東路二段36巷內
興國公園,25.0531,121.541941,公園,7766,遼寧街116巷旁
遼寧公園,25.053600311,121.54231262,公園,2065,遼寧街185巷口
錦北公園,25.060489655,121.53582764,公園,1359,錦州街275號旁
錦州公園,25.060619354,121.52931976,公園,2690,錦州街138號對面
龍江公園,25.059820175,121.54216003,公園,2200,龍江路271巷
雙城公園,25.067310333,121.52401733,公園,3200,"雙城街40,46及37,43巷口"
力行1號綠地,25.084100723,121.53887177,綠地,698,通北街65巷，大直圓山二村，力行新村附近
力行2號綠地,25.083349228,121.53793335,綠地,754,大直圓山二村，通北街118巷內
中山129號綠地,25.053720474,121.53967285,綠地,39,中山區復華里龍江路118號
中山161號綠地,25.078069687,121.53315735,綠地,133,北安路忠烈祠圓環
中山240號綠地,25.086969376,121.54959869,綠地,10570,北安路自強隧道口右側
中山381號綠地,25.07959938,121.54720306,綠地,415,北安路538巷口
中山411號綠地,25.0832901,121.55644989,綠地,1257,"敬業三路旁,基隆河截彎取直範圍內"
中山412號綠地,25.082300186,121.55645752,綠地,2012,"敬業三路旁,基隆河截彎取直範圍內"
中山413號綠地,25.083320618,121.55619812,綠地,1257,"敬業三路旁,基隆河截彎取直範圍內"
中山414號綠地,25.081260681,121.5561676,綠地,2015,"敬業三路旁,基隆河截彎取直範圍內"
中山415號綠地,25.080120087,121.55262756,綠地,888,"樂群二路旁,基隆河截彎取直範圍內"
中山416號綠地,25.080070496,121.55377197,綠地,1027,"樂群二路旁,基隆河截彎取直範圍內"
中山417號綠地,25.080070496,121.5552597,綠地,1348,"樂群二路旁,基隆河截彎取直範圍內"
中山418號綠地,25.080059052,121.55737305,綠地,1013,"樂群二路旁,基隆河截彎取直範圍內"
中山419號綠地,25.080039978,121.55934143,綠地,1571,"樂群二路旁,基隆河截彎取直範圍內"
中山420號綠地,25.080049515,121.56099701,綠地,1483,"樂群二路旁,基隆河截彎取直範圍內"
中山421號綠地,25.080379486,121.56217194,綠地,612,"樂群二路旁,基隆河截彎取直範圍內"
中山422號綠地,25.079860687,121.552742,綠地,867,"樂群二路旁,基隆河截彎取直範圍內"
中山423號綠地,25.079839706,121.55380249,綠地,1052,"樂群二路旁,基隆河截彎取直範圍內"
中山424號綠地,25.079839706,121.55491638,綠地,872,"樂群二路旁,基隆河截彎取直範圍內"
中山425號綠地,25.079839706,121.55581665,綠地,806,"樂群二路旁,基隆河截彎取直範圍內"
中山426號綠地,25.08011055,121.56221771,綠地,784,"樂群二路旁,基隆河截彎取直範圍內"
長春綠地,25.052900314,121.53800964,綠地,474,中山區復華里南京東路3段89巷27弄
中山4號廣場,25.052610397,121.52052307,廣場,1622,中山區康樂里中山北路2段41號
九華公園,25.088590622,121.56137848,公園,2069,內湖路一段91巷39弄35-1號
下灣公園,25.066810608,121.59069824,公園,14586,內湖成功路二段189號旁
上灣公園,25.065460205,121.59584045,公園,15883,民權東路六段210巷43號旁
口湖公園,25.067328,121.598514,公園,804,民權隧道西側(民權東路六段)
大坑公園,25.069037,121.598706,公園,437,民權東路六段191巷50號對面
大港墘公園,25.0774149,121.5729968,公園,25504,台北市內湖區港墘里瑞光路393號
大湖公園,25.082976,121.602695,公園,134135,成功路五段31號
山腳公園,25.084089279,121.57990265,公園,5801,環山路三段18號對面
五分公園,25.067119598,121.61479187,公園,1432,安康路448號對面
內湖125號公園,25.064699173,121.61125946,公園,7375,南湖大橋東側與中山高速公路南側
文心公園,25.065450668,121.58418274,公園,4559,新湖二路及新湖三路交接處
文湖公園,25.087427,121.560993,公園,886,內湖路1段91巷35弄40號對面
文德3號公園,25.075090408,121.57711792,公園,16245,內湖文德路50號至江南街71巷16弄
文德二號公園,25.077859879,121.58374023,公園,6194,文德路208巷旁
仙樹公園,25.085609436,121.56900024,公園,8719,環山路1段59巷14弄2號對面
北勢湖公園,25.083749771,121.56168365,公園,5474,內湖路一段66號旁(環保公園)
安泰公園,25.07408905,121.61863708,公園,1336,安泰街45巷11弄旁
安康公園(下),25.067209244,121.61061859,公園,4848,康寧路三段220號南湖高中旁
安康公園(上),25.067129135,121.61238098,公園,5675,康寧路三段245巷42號前
安湖三號公園,25.070419312,121.61569214,公園,1399,東湖路113巷49弄5號前
安湖公園,25.074020386,121.61541748,公園,466,東湖路113巷141號前
成功公園,25.084299088,121.59662628,公園,45954,成功路四段223巷旁
行善公園,25.053260803,121.57557678,公園,3260,南京東路六段32號旁
西安公園,25.087450027,121.56748199,公園,3494,環山路一段136巷10弄10號對面
西安廣場,25.086759567,121.56085205,公園,,臺北市內湖區文湖街21巷20號對面
西康二號公園,25.084980011,121.5639267,公園,4294,內湖路1段203巷25號
西康公園,25.083120346,121.56439209,公園,3277,內湖路一段217巷旁
西湖公園,25.083610535,121.57038879,公園,7184,內湖路一段387巷3弄5-11號旁(恕德家商旁)
扶輪親恩公園,25.066709518,121.57975006,公園,4610,民權東路六段30號旁
明美公園,25.06221962,121.5861969,公園,40250,南京東路六段北側（羊稠小段五期重劃區）
東湖一號公園,25.07559967,121.61213684,公園,3698,康寧路三段189巷163弄17號前
東湖二號公園,25.073890686,121.61092377,公園,3050,康寧路三段99巷39弄27號前
東湖四號公園,25.070449829,121.61808014,公園,2023,康樂街110巷16弄20號(康樂派出所前)
金瑞公園,25.08795929,121.58795166,公園,2756,金龍路213巷1弄28號前
金龍公園,25.08543218,121.59079901,公園,458,金龍路112巷旁(碧湖國小旁)
長青公園,25.080980301,121.58174133,公園,5168,內湖路二段103巷34號旁
南湖一號公園,25.069139481,121.61109161,公園,598,康寧路三段180巷22號對面(環保公園)
洲子1號公園,25.07957077,121.56433868,公園,9600,臺北市內湖堤頂大道、基湖路交叉口（環保公園、六期重劃）
洲子2號公園,25.07959938,121.5686264,公園,5123,瑞光路498號對面、仁寶電腦公司旁
美善公園,25.056999207,121.57858276,公園,2481,行善路59巷20弄2號旁
畚箕湖公園,25.089436,121.560064,公園,3654,文湖街21巷84至90號對面
康湖二號公園,25.074042,121.6088,公園,2469,成功路五段450巷23弄23號旁
康湖公園,25.074680328,121.6087265,公園,4089,成功路五段420巷30號旁
康寧公園,25.068910599,121.60958862,公園,6017,民權東路六段296巷121號對面
康樂綠地,25.0754607987,121.6206521126,公園,15445,114臺北市內湖區康樂街191巷16號
清白公園,25.081699371,121.59528351,公園,14546,成功路四段167巷16號對面（康寧國小旁）
港都公園,25.082719803,121.57523346,公園,1779,港華街40號旁(麗山國中後)
港華一號公園,25.087734,121.573586,公園,1327,環山路二段50巷2號旁
港華二號公園,25.087789536,121.57383728,公園,173,環山路二段50巷11號旁
港華三號公園,25.086690903,121.57505798,公園,927,環山路二段68巷14號麗山活動中心旁
港華六號公園,25.084260941,121.57462311,公園,803,港華街85巷21號前
港華四號公園,25.086530685,121.57527924,公園,789,環山路二段68巷14號對面
港墘公園,25.080978,121.576437,公園,2271,內湖路一段667巷9號之1
游美公園,25.064599991,121.59719849,公園,1380,民權東路六段206巷143弄底
湖山9號公園,25.085220337,121.60350037,公園,10691,大湖山莊街42-56號間
湖山八號公園,25.083919525,121.60327148,公園,324,大湖山莊街25號旁
湖山三號公園,25.08716011,121.6044693,公園,6527,大湖山莊街65巷北側
湖山五號公園,25.081579208,121.60083771,公園,2568,大湖街158巷39號旁
湖山六號公園,25.083099365,121.60186005,公園,8638,大湖街166巷24號對面(大湖派出所後方)
湖山四號公園,25.082700729,121.60075378,公園,525,大湖街160巷18弄2號對面
湖元公園,25.068229675,121.58702087,公園,1203,民權東路六段120巷3弄1號對面
湖畔公園,25.088247,121.601473,公園,5077,大湖山莊街177巷1號對面
湖聖公園,25.069770813,121.59176636,公園,828,民權東路六段123巷20弄23號前
湖興公園,25.066930771,121.58959198,公園,5717,成功路二段312巷62號對面
湖濱公園,25.0815472937,121.5876265462,公園,422,內湖路二段179巷口(達人女中對面)
湖寶公園,25.0666008,121.5995636,公園,612,民權東路六段228號西側
週美綠地,25.056400299,121.58190155,公園,9245,臺北市內湖區新明路298巷以西至基隆河堤防
陽光公園,25.076736,121.586719,公園,2804,陽光街68巷口北側
新明公園,25.054130554,121.57881165,公園,1740,新明路428巷13號對面
煙波庭公園,25.086339951,121.59925079,公園,3729,大湖街131巷18弄61號對面
瑞光公園,25.071180344,121.5776825,公園,33806,瑞光路132巷旁內（六期重劃區）
瑞湖公園,25.069309235,121.57688904,公園,5574,民權東路六段19巷底
瑞陽公園,25.07751,121.579352,公園,2671,文德路22巷10號對面
碧山公園,25.087080002,121.59195709,公園,2603,內湖路三段60巷10號前
碧湖公園,25.08218956,121.58428955,公園,131749,內湖路二段175號，國立臺灣戲曲學院旁
福壽公園,25.079809189,121.59655762,公園,1970,星雲街150巷18號旁
翠湖公園,25.08626,121.602107,公園,1150,大湖山莊街117號至147號後面
樂活公園,25.068244,121.618814,公園,9509,康樂街61巷15弄旁
樂康公園,25.070070267,121.62069702,公園,796,康樂街61巷73弄24號對面
環東公園,25.043729782,121.5429306,公園,4410,南京東路六段北側與堤頂大道交叉口
麗湖公園,25.073539,121.599282,公園,1152,金湖路363巷67弄63號對面(四期重劃)
內湖110號綠地,25.071229935,121.5800705,綠地,1318,臺北市內湖區瑞光路112巷及76巷旁(六期重劃)
內湖117號綠地,25.083269119,121.60185242,綠地,2214,臺北市內湖區大湖山莊街與成功路5段交叉口、大湖設區國宅
內湖119號安興綠地,25.057699203,121.58367157,綠地,7081,位於南京東路6段北側，安興街南側
文德1號綠地,25.078590393,121.58421326,綠地,8194,臺北市內湖區文德路1號-91號間
石潭公園,25.063119888,121.59320831,綠地,55660,內湖成功路二段東側（麥帥公路兩側）
港華5號綠地,25.085449219,121.57428741,綠地,418,臺北市內湖區環山路2段62號對面
湖興綠地,25.068939209,121.59089661,綠地,390,臺北市內湖區成功路2段312巷27號旁
紫陽綠地,25.076410294,121.58679962,綠地,12125,臺北市內湖區陽光街55號、內湖高中後面
潭美公園,25.057010651,121.5816803,綠地,12844,新明路298巷16弄起至成功路2段潭美國小旁
麗湖綠地,25.073374,121.600509,綠地,1776,金湖路363巷51弄口
治磐廣場,25.08272934,121.56630707,廣場,288,臺北市內湖區內湖路1段285巷8弄2號旁
港富廣場,25.080299377,121.57811737,廣場,3054,臺北市內湖區內湖路1段715巷旁
灣仔廣場,25.068939209,121.59089661,廣場,1067,臺北市內湖區成功路2段324巷4號旁
大同公園,25.067979813,121.51200104,公園,2141,延平北路三段99巷
大稻埕公園,25.058660507,121.51036835,公園,3827,歸綏街241號隔壁
大龍公園,25.070240021,121.51557922,公園,2313,大龍街244號旁
玉泉公園,25.049930573,121.50765228,公園,19265,西寧北路28號
至聖公園,25.07118988,121.51769257,公園,609,承德路三段210號
忠和公園,25.057880402,121.50861359,公園,849,歸綏街250巷
哈密公園,25.0748460039,121.5155940145,公園,935,哈密街59巷
建成公園,25.0540905,121.51822662,公園,10640,承德路二段35號旁
迪化公園,25.071109772,121.51200867,公園,1676,迪化街二段243巷
國順公園,25.066222,121.510025,公園,1600,大同區昌吉街131巷西側
景化公園,25.065359116,121.51274109,公園,1940,伊寧街9巷
朝陽公園,25.05595,121.51313,公園,4903,重慶北路2段70巷旁
塔城公園,25.050720215,121.51080322,公園,3078,塔城街7號旁
德鄰公園,25.062169,121.514928,公園,1627,民權西路184巷11弄
蔣渭水紀念公園,25.059709549,121.51677704,公園,5060,錦西街51號對面
樹德公園,25.066799164,121.51628113,公園,4549,大龍街、大同區行政大樓旁
歸綏戲曲公園,25.057970047,121.51309204,公園,2849,重慶北路2段與歸綏街口
蘭州公園,25.063959122,121.51538086,公園,2200,蘭州街89巷
大同249綠地,25.077430725,121.51145935,綠地,1486,大同區老師里迪化街364巷西北側
大同250綠地,25.077220917,121.50985718,綠地,1462,大同區老師里迪化街364巷東南側
大同251綠地,25.078380585,121.51184845,綠地,11737,大同區老師里環河北路敦煌路口三角綠地
敦煌1號綠地,25.0747509,121.51628876,綠地,933,大同區重慶里重慶北路3段交流道旁
敦煌2號綠地,25.076969147,121.51644135,綠地,800,大同區老師里敦煌路125號慶昌橋旁
大同16號廣場,25.056379318,121.50861359,廣場,718,大同區永樂里環河北路與民生西路口
大稻埕廣場,25.055000305,121.50953674,廣場,131,大同區永樂里永昌街與迪化街口之霞海城隍廟前
六藝廣場,25.074689865,121.5150528,廣場,4957,大同區保安里孔廟西北側及保安宮南側道路
太原廣場,25.04747963,121.51663971,廣場,2129,大同區建明里鄭州路與太原路口左右兩側廣場
永樂廣場,25.054660797,121.50965881,廣場,1200,大同區永樂里迪化街永樂市場
保安廣場,25.070550919,121.51892853,廣場,180,大同區保安里庫倫街55巷旁(北側)
建成圓環,25.0527604,121.5142952,廣場,2726,南京西路與重慶北路口東南側
八德公園,25.046930313,121.5457077,公園,1520,八德路二段366巷21之1號前
三民公園,25.061380386,121.5669632,公園,18407,三民路，撫遠街298號
三民公園A,25.061380386,121.5669632,公園,18407,三民路，撫遠街298號
中華公園,25.053527,121.552484,公園,2006,健康路15巷口
民生公園,25.057479858,121.55809784,公園,18130,民生東路五段36巷4弄與8弄間
民有一號公園,25.060770035,121.54740143,公園,1542,敦化北路244巷31號前
民有二號公園,25.059640884,121.54631805,公園,938,民生東路三段113巷14號前
民有三號公園,25.058620453,121.54762268,公園,1108,民生東路三段127巷14號前
民福綠地,25.06276,121.54879,公園,1514,民族東路763號對面
民權公園,25.061910629,121.55917358,公園,25270,富錦街359巷2弄，民權國小旁
吉仁公園,25.047809601,121.55348206,公園,1319,八德路3段、延吉街口
吉祥公園,25.050533295,121.56404877,公園,1873,八德路四段245巷52弄至56弄間
安平公園,25.053020477,121.56449127,公園,468,南京東路五段251巷32弄8號旁
西松公園,25.053689957,121.56413269,公園,2865,三民路、健康路口
延壽一號公園,25.057630539,121.55635071,公園,1300,光復北路165巷17號前
延壽二號公園,25.057350159,121.55275726,公園,1350,民生東路四段56巷3弄20號前
延壽三號公園,25.056869507,121.55180359,公園,1730,敦化北路199巷5號前
松基公園,25.055369,121.545445,公園,6693,興安街174巷旁
松榮公園,25.060208,121.555107,公園,7266,光復北路及富錦街交接處
長壽公園,25.053369522,121.55892181,公園,3568,健康路174號旁
美仁一號公園,25.050149918,121.55345917,公園,1502,南京東路四段52巷14號前
美仁二號公園,25.049499512,121.55342102,公園,1343,八德路三段99巷12～18號前
健康公園,25.05411911,121.56887054,公園,1957,健康路、松山變電所旁
婦聯公園,25.054689407,121.55973053,公園,5127,延壽街330巷20弄
富民生態公園,25.060150146,121.56433868,公園,8413,新東街41之7號
富錦一號公園,25.058889389,121.55902863,公園,2289,民生東路五段69巷2弄旁
富錦二號公園,25.059610367,121.55962372,公園,2340,民生東路5段69巷2弄27號旁
富錦三號公園,25.060239792,121.55889893,公園,2283,民生東路5段69巷4弄11號旁、富錦街374號
富錦五號公園,25.058849335,121.55354309,公園,980,民生東路四段97巷4弄20號旁
富錦六號公園,25.058210373,121.55290222,公園,1000,民生東路四段105號旁
復盛公園,25.04747963,121.56147003,公園,9244,市民大道五段99號、八德路四段106巷
復源公園,25.046489716,121.55448151,公園,2064,光復南路22巷至32巷間
敦中公園,25.049900055,121.54589081,公園,2421,敦化北路4巷31號邊
敦化公園,25.046409607,121.5504837,公園,1728,八德路三段12巷52弄2之1號邊
敦北公園,25.061229706,121.55156708,公園,8420,敦化北路、民權東路口
新中公園,25.060520172,121.56086731,公園,3038,新中街、富錦街口
新東公園,25.058799744,121.568367,公園,3716,民生東路五段、撫遠街口
寧安公園,25.050350189,121.55487061,公園,2856,寧安街50巷、育達商職第二校區前
精忠2號公園,25.056390762,121.55284882,公園,700,民生東路四段80巷旁
精忠公園,25.059339523,121.5521698,公園,720,民生東路四段97巷6弄2號旁
慶城公園 A,25.05327034,121.54638672,公園,5390,慶城街16巷、南京東路3段303巷
慶城公園B,25.05327034,121.54638672,公園,5390,慶城街16巷、南京東路3段303巷
撫遠公園,25.06444931,121.56694794,公園,8320,撫遠街367巷至389巷底
舊宗1號公園 ( 新東農園 ),25.061950684,121.56886292,公園,745,撫遠街，撫遠街抽水站旁
舊宗2號公園,25.05491066,121.56999969,公園,795,撫遠街，松山抽水站兩側
鵬程公園,25.055519104,121.56867218,公園,3894,健康路325巷6弄底
寶清公園,25.052120209,121.56764221,公園,3339,寶清街85號對面
松山121號綠地三民圓環,25.059160233,121.56256866,綠地,3320,臺北市松山區民生東路五段三民路口
大理公園,25.034139633,121.49365997,公園,1230,環河南路二段125巷口
日善公園,25.026383,121.496312,公園,2247,東園街67巷
寺前公園,25.033540726,121.49920654,公園,272,西園路一段282-2號(萬華火車站新站旁)
老松公園,25.038520813,121.50273895,公園,2130,桂林路與永福街之間(老松國小對面)
西園公園,25.026955,121.497882,公園,1253,東園街67巷及73巷之間(西園國小對面)
孝德公園,25.024124,121.49425,公園,1313,臺北市萬華區寶興街140巷17弄
和平青草園(原萬華402號公園),25.032659531,121.49720764,公園,4633,西園路一段與艋舺大道交叉口
東園公園,25.020950317,121.49524689,公園,579,萬大路424巷及486巷68弄之間
長沙公園,25.041500092,121.49992371,公園,1242,環河南路一段、長沙街二段交口
長順公園,25.031850815,121.48902893,公園,529,長順街46巷旁
青山公園,25.039369583,121.49830627,公園,780,華西街8號旁
青年公園,25.025110242,121.505861,公園,246958,臺北市水源路199號
保德公園,25.022790909,121.49746704,公園,1082,東園街154巷旁
柳鄉公園,25.037260056,121.49543762,公園,1002,環河南路二段100巷內
桂林公園,25.038909912,121.49681854,公園,2137,環河南路二段與桂林路交口
華江一號公園,25.035890579,121.49411011,公園,298,和平西路三段309巷與環河南路二段158巷間
華江七號公園,25.035028,121.493461,公園,544,和平西路三段302巷1號
華江八號公園,25.034059525,121.49268341,公園,1263,環河南路二段250巷28弄旁
華西公園,25.038669586,121.49865723,公園,968,華西街21巷內(桂林路與華西街口)
新糖廍公園(糖廍文化園區),25.0335490551,121.4946462926,公園,6650,大理街160巷旁
萬華51號公園,25.03594017,121.50292206,公園,845,萬華區富福里西園路1段與大理街交叉口
壽德公園,25.024429321,121.50113678,公園,989,萬青街118巷旁
福星公園,25.046070099,121.50591278,公園,1332,漢口街與昆明街交叉口
綠堤公園,25.033210754,121.49289703,公園,1260,環河南路二段159巷邊
聚德公園,25.034889221,121.49472046,公園,510,大理街175巷及和平西路三段286巷1弄間
艋舺公園,25.0360378506,121.4999117105,公園,13373,"廣州街,西園路交叉口.(原龍山寺公園)"
糖廍公園,25.0343931129,121.4946526053,公園,6650,大理街175巷內
錦德公園,25.023300171,121.49236298,公園,1911,德昌街與西園路二段281巷交叉口
萬華266號綠地,25.039159775,121.50309753,綠地,478,萬華區菜園里康定路與貴陽街2段交叉口
西本願寺（萬華406號）廣場,25.040300369,121.50708008,廣場,8974,臺北市中華路1段及長沙街2段交會處
二二八和平公園,25.042286,121.514297,公園,76180,凱達格蘭大道3號
中央藝文公園,25.046272,121.526856,公園,26700,北平東路30號前
中正403號公園,25.02559,121.52049,公園,500,臺北市中正區牯嶺街95巷強恕中學旁
介壽公園,25.039260864,121.51463318,公園,13156,凱達格蘭大道西側，總統府前
文光公園,25.039039612,121.53085327,公園,2252,仁愛路二段65巷1弄口
文盛公園,25.016170502,121.53211975,公園,734,羅斯福路三段284巷1號前
水源町公園,25.0118701542,121.534604402,公園,1800,臺北市中正區汀州路三段104巷40弄6號
永昌公園,25.026229858,121.50995636,公園,3489,寧波西街181巷30號前
永福公園,25.009801,121.532098,公園,16201,福和橋邊，基隆路汀州路口
忠孝公園,25.041830063,121.53202057,公園,1200,忠孝東路二段134巷對面
信愛公園,25.034910202,121.52876282,公園,901,臨沂街75巷11號
南昌公園,25.026819229,121.52020264,公園,4413,南昌路二段與和平西路一段交口
牯嶺公園,25.02312088,121.51867676,公園,3228,牯嶺街141號前
連雲公園,25.035209656,121.5318222,公園,2009,連雲街37巷與新生南路一段146巷交口.
逸仙公園,25.047700882,121.52002716,公園,3025,北平西路，中山北路口
齊東公園,25.041749954,121.52829742,公園,1061,齊東街53巷巷口.
黎明公園,25.044139862,121.51555634,公園,465,南陽街38巷5號前
螢橋公園,25.026720047,121.51725006,公園,762,和平西路1段116號
中正138號綠地,25.03783989,121.51451111,綠地,20180,愛國西路林園道
北門廣場,25.0480021,121.5116831,廣場,6865,忠孝西路與中華路一段東南側
交通4號廣場,25.047380447,121.51880646,廣場,4825,中正區黎明里市民大道旁、逸仙公園西側
交通8號廣場,25.050319672,121.51651001,廣場,2698,中正區黎明里忠孝西路與重慶北路口西側
行旅廣場,25.0477977,121.5132041,廣場,39233,忠孝西路與重慶北路一段路口東北側
瑠公公園,25.042409897,121.54572296,公園,2939,復興南路1段135巷與大安路1段路口
瑠公圳公園 ,25.043609619,121.54312134,公園,12423,復興南路至建國南路
大安公園,25.042760849,121.54280853,公園,2913,安東街.復興南路1段126巷內
大安森林公園,25.0333004,121.5358429,公園,259354,"新生南路以東,信義路三段以南"
大學公園,25.021909714,121.53289795,公園,1098,溫州街46巷
仁慈公園,25.034130096,121.5457077,公園,1090,大安路1段224巷口
仁愛公園,25.036619186,121.54624176,公園,1390,大安路1段169巷
仁愛圓環,25.037630081,121.54968262,公園,5060,仁愛路與敦化南路交會處之圓環
公館公園,25.0114267237,121.5407910799,公園,1096,羅斯福路4段113巷內
古風公園,25.021970749,121.52905273,公園,233,龍泉街108號對面
古莊公園,25.022729874,121.5282135,公園,2466,師大路92巷內
四維公園,25.030630112,121.54532623,公園,3097,瑞安街23巷24弄
平安公園,25.031959534,121.54931641,公園,1614,敦化南路2段37巷旁
民榮公園,25.035400391,121.53569794,公園,2896,新生南路1段157巷19號
民輝公園,25.039510727,121.53505707,公園,1397,仁愛路3段5巷3弄18號
永康公園,25.031620026,121.52971649,公園,1800,永康街17巷口
光信公園,25.035560608,121.55580139,公園,1211,延吉街241號
全安公園,25.02545929,121.5512085,公園,1575,和平東路3段119巷15號對面
安東公園,25.028930664,121.54482269,公園,1630,復興南路2段125巷20弄
安祥公園,25.034540176,121.54273224,公園,1598,信義路3段157巷10弄
辛亥一號公園,25.0227108,121.53266144,公園,769,溫州街30巷14號
和平公園,25.023490906,121.54251862,公園,1760,和平東路2段118巷6弄
和安公園,25.034509659,121.54447937,公園,1541,復興南路1段313巷
居安公園,25.029680252,121.54933167,公園,2089,敦化南路2段81巷口右側
延吉公園,25.042570114,121.55577087,公園,2284,延吉街131巷
昌隆198公園,25.0437603,121.5357132,公園,3807,市民大道與建國南路交叉口
東豐公園,25.035779953,121.54486084,公園,1421,復興南路1段279巷
法治公園,25.026910782,121.55291748,公園,1763,通化街186巷
臥龍公園,25.016700745,121.54988861,公園,3133,卧龍街118巷辛亥路3段交叉口
虎嘯公園,25.022529602,121.54927826,公園,2019,敦化南路2段319號旁
金山公園,25.0309597984,121.5247560551,公園,2286,金山南路二段92巷底
金杭公園,25.0329003787,121.5268770542,公園,4271,金山南路二段30巷
金華公園,25.029590607,121.53117371,公園,4390,金華街164巷1弄3號
附中公園,25.036340714,121.54225922,公園,2369,信義路3段147巷內
青峰公園,25.015699387,121.55140686,公園,2105,辛亥路3段239號邊
師大公園,25.024599075,121.52837372,公園,4802,師大路浦城街口
泰順公園,25.024620056,121.5316391,公園,1386,泰順街27巷旁
通化公園,25.032159805,121.5545578,公園,1180,文昌街與通化街口
富陽自然生態公園,25.016674,121.557488,公園,38066,富陽街底、聯勤彈葯庫舊址
敦仁公園,25.0404019091,121.5469086971,公園,1757,敦化南路1段236巷與仁愛路4段71巷交口
敦安公園,25.034460068,121.55370331,公園,2820,信義路四段265巷12弄
敦親公園,25.022659302,121.54090881,公園,1593,和平東路2段96巷底
新龍公園,25.027650833,121.54016113,公園,2255,台北市大安區瑞安街214巷
溫州公園,25.018800735,121.53134155,公園,1287,羅斯福路3段283巷與新生南路3段86巷交叉口
瑞安公園,25.026130676,121.53935242,公園,742,瑞安街155巷口
群賢公園,25.025400162,121.54656982,公園,869,和平東路2段311巷43弄
誠安公園,25.042490005,121.54090881,公園,1816,忠孝東路3段237巷
嘉興公園,25.021369934,121.55194855,公園,6330,樂業街與嘉興街口
寧馨公園A,25.04434967,121.53349304,公園,2080,八德路2段台北科大北側
福州山公園,25.015890121,121.55161285,公園,172488,辛亥路三段、興隆超市旁(福州山)
德安公園,25.034879684,121.54777527,公園,1617,四維路52巷
黎孝公園,25.019760132,121.55599213,公園,1014,和平東路3段308巷15弄
黎和生態公園,25.015128,121.560002,公園,18000,和平東路3段512巷底
錦安公園,25.027980804,121.52794647,公園,1246,金山南路2段203巷及麗水街口
龍生公園,25.026010513,121.54139709,公園,1281,和平東路二段175巷內
龍門公園,25.024259567,121.53668213,公園,1395,建國南路2段308巷
龍陣一號公園,25.027589798,121.5425415,公園,1451,復興南路2段180巷15弄
龍陣二號公園 A,25.029239655,121.5424881,公園,2056,瑞安街61號
龍陣二號公園 B,25.029239655,121.5424881,公園,2056,瑞安街61號
龍圖公園,25.030490875,121.54160309,公園,1234,復興南路2段78巷42弄
龍鳳公園,25.0256109235,121.5432735481,公園,1001,復興南路二段、和平東路二段219巷口
臨江公園,25.028160095,121.55574036,公園,1358,基隆路2段132巷13號
麗水公園,25.03191447,121.5280876,公園,901,金華街199巷9弄
大安125號綠地,25.044420242,121.53368378,綠地,1397,八德路，中央圖書館台灣分館(國立台北工專前)
大安195號綠地,25.020019531,121.53143311,綠地,266,臺北市大安區溫州街58巷
黎和綠地,25.015930176,121.56056976,綠地,385,台北市大安區臥龍街324號
錦華綠地,25.029579163,121.52957916,綠地,365,金華街，永康街55巷交叉口
三張里公園,25.030929565,121.56672668,公園,9475,松平路77號旁
三犁公園,25.029779434,121.57002258,公園,3372,信義路五段150巷14弄旁
三興公園,25.028579712,121.55954742,公園,3306,吳興街156巷40弄與吳興街118巷間
中全公園,25.038589478,121.57489014,公園,5060,虎林街164巷與松德路邊
中興公園,25.034269333,121.55924988,公園,2453,基隆路一段380巷 與光復南路473巷旁
五分埔公園,25.04693985,121.58010101,公園,8444,中坡北路、松隆路口(松山車站前)
五常公園,25.047689438,121.57434082,公園,6942,松隆路272號與永吉路225巷邊
四育公園,25.046760559,121.57514191,公園,1766,虎林街50巷與永吉路321巷邊
永吉公園,25.043590546,121.57504272,公園,2200,永吉路278巷57弄內
永春公園,25.042299271,121.57911682,公園,1172,忠孝東路五段703巷1弄與松山路393巷
永春陂濕地公園,25.032812,121.580069,公園,39832,松山路松山家商旁
永春崗公園,25.031709671,121.57759094,公園,11302,信義區松山路656巷2號旁
交五,25.049209595,121.57415009,公園,10745,信義區市民大道六段（松信路至虎林街）
安強公園,25.036689758,121.57534027,公園,1090,虎林街202巷66弄
吳興公園,25.023290634,121.56793976,公園,1176,吳興街432巷114號
念儒公園,25.037719727,121.57376099,公園,777,忠孝東路五段236巷37弄底
林口2號綠地(松光),25.0399,121.57882,公園,1988,松山路465巷
林口公園,25.039060593,121.57894897,公園,2117,松山路515巷
松友公園,25.033910751,121.57614899,公園,2196,信義路六段76巷2弄
松壽廣場,25.037389755,121.56607819,公園,5914,松智路右側(信義計畫區)
松德公園,25.036020279,121.57328796,公園,10767,信義區松德路180巷8之1號對面
虎林公園,25.031480789,121.5772934,公園,9547,信義路六段76巷8弄與松德路307巷
信義352號公園 (松智公園),25.035820007,121.56551361,公園,11807,信義區松智路1號
信義安康公園,25.035720825,121.57006836,公園,10609,信義區松勇路47號旁
春光公園,25.042230606,121.58074188,公園,4241,忠孝東路五段、林口街口
革新公園,25.043830872,121.56736755,公園,1585,基隆路一段109巷與松隆路邊
泰和公園,25.023139954,121.56819916,公園,1422,吳興街583巷與600巷67弄間
眷村文化公園,25.031639099,121.56175232,公園,13000,松勤路與莊敬路交口
富台公園,25.042070389,121.57224274,公園,1959,"松信路,虎林街120巷交叉口"
富生1號公園,25.0422291931,121.5698486381,公園,1736.31,永吉路30巷167弄底
富生2號公園,25.0423805333,121.5696237077,公園,1178.83,永吉路30巷157弄底
富生公園,25.042089462,121.56984711,公園,6907,永吉路30巷167弄底
惠安公園,25.024549484,121.56462097,公園,8609,吳興街320巷65號前
景平公園,25.02989006,121.56394196,公園,1609,莊敬路289巷口
景勤1號公園,25.026330948,121.56025696,公園,11563,吳興街220巷59弄旁(台北醫學院斜對)
景勤2號公園,25.026039124,121.55748749,公園,11790,臺北市信義區嘉興里信安街49號
象山公園,25.030410767,121.57009125,公園,41827,信義區信義路5段150巷
雅祥公園,25.047569275,121.57183075,公園,3065,松信路與基隆路一段35巷7弄邊
福祥公園,25.046039581,121.57050323,公園,835,永吉路127巷與松隆路99號邊
福德公園,25.038240433,121.58184814,公園,1290,福德街與大道路口
黎忠公園,25.019079208,121.55937195,公園,1014,和平東路三段435巷7弄
黎富公園,25.021009445,121.55670166,公園,900,富陽街92號前
黎雙公園,25.024980545,121.56346893,公園,2176,吳興街284巷22弄(北醫南側)
糶米公園,25.018614,121.572468,公園,1926,吳興街600巷旁
太子綠地,25.045190811,121.57707214,綠地,168,永吉路與虎林街交叉處
交六,25.049329758,121.57086945,綠地,6832,市民大道6段(松信路至基隆路一段間)
松光綠地,25.039499283,121.57852936,綠地,1611,台北市信義區松山路465巷4號
松隆綠地,25.034959793,121.58010864,綠地,2112,松山商職西南側松山路650巷
信義350綠地,25.039230347,121.56256866,綠地,3461,松高路及基隆路交叉
信義351號綠地,25.039180756,121.56543732,綠地,8313,松高路本線基隆路口至松仁路口
信義353號綠地 (松仁綠地),25.032749176,121.56771851,綠地,11202,信義路五段南側與松仁路西側間
信義354號綠地,25.029460907,121.56842041,綠地,9014,松仁路東側，信義路北側
信義355號綠地,25.030899048,121.56833649,綠地,5472,松仁路東側、信義路五段南側
信義356號綠地,25.033380508,121.57370758,綠地,8227,信義路五段北側、松德路西側
信義382號綠地 (惠安水與綠生活綠地),25.023359299,121.5682373,綠地,288,吳興街432巷37弄
崇德綠地,25.024219513,121.55545044,綠地,284,台北市信義區嘉興街270號
黎平綠地,25.023189545,121.55712128,綠地,100,臺北市崇德街146巷17號
市民廣場,25.036640167,121.56275177,廣場,42851,信義區市府路1號對面
忠信廣場,25.040540695,121.56790924,廣場,7777,忠孝東路與松仁路交叉口(信義計畫區)
信義20號廣場,25.048749924,121.57758331,廣場,1549,市民大道與松隆路及松山路
信義21號廣場,25.034730911,121.56446838,廣場,5102,信義計畫、市府路
信義21號廣場,25.034730911,121.56446838,廣場,5102,信義計畫、市府路
信義廣場,25.033479691,121.56604004,廣場,9456,松智路與信義路交叉口(信義計畫區)
厚生廣場,25.043409348,121.56809998,廣場,1611,永吉路30巷102弄與松隆路旁
景聯廣場,25.032520294,121.56140137,廣場,2055,臺北市吳興街7巷
三重世貿公園,25.057929993,121.61538696,公園,12038,南港區經貿二路106巷
中南公園,25.05121994,121.61547089,公園,325,忠孝東路七段596巷中南社區東側山坡上
中研公園,25.046890259,121.61305237,公園,14672,南港區研究路2段12巷58弄
中興公園,25.044200897,121.61485291,公園,1168,研究院路二段98巷
六福公園,25.047260284,121.61650848,公園,7104,研究院路二段35巷23弄
四分河濱公園,25.048629761,121.61569214,公園,11956,南港區研究院路2段2巷54弄
市民公園,25.049289703,121.5817337,公園,1050,玉成街38巷東北側，東新街12巷南側
玉成公園,25.042549133,121.58550262,公園,40587,南港區中坡南路55號
玉東公園,25.050188,121.584156,公園,9500,東新街與市民大道交叉口
合成18號綠園,25.046260834,121.58291626,公園,5631,臺北市忠孝東路6段玉成街口至東新街口
合成8號綠園,25.050830841,121.59378815,公園,21321,臺北市南港區東新街至忠孝東路6段449號
合成公園,25.045099258,121.58113861,公園,372,永吉路536巷與中坡北路交叉口
合樂公園,25.048500061,121.58188629,公園,2204,玉成街(原南隆鐵工廠)
百福公園,25.037939072,121.58853912,公園,2756,福德街309巷19號對面
幸福公園,25.046020508,121.61605072,公園,4861,研究院路二段35巷旁交通資訊:公車圓拱橋站步行約3分鐘
昆陽公園,25.048719406,121.59420013,公園,1537,昆陽街171巷1-5弄東側、龍華路南側
東坡公園,25.045230865,121.5933075,公園,1184,東新街170巷5號後側
東明公園,25.054800034,121.6036377,公園,7450,南港路二段86巷9弄
東陽公園,25.057439804,121.60373688,公園,9947,臺北市南港區重陽路187巷旁
南汐公園,25.054679871,121.61769104,公園,7487,南港路一段與研究路一段交叉口
南港公園,25.043069839,121.59191132,公園,118849,南港區東新街170之1號
南興公園,25.054019928,121.60690308,公園,4801,南港路一段360號南側交通資訊:公車南港行政中心站旁，或捷運南港站、臺鐵南港站步行約5分鐘
後山埤公園,25.043710709,121.58995056,公園,57833,南港區東新街170之1號
胡適公園,25.039920807,121.61791229,公園,21124,南港區研究院路2段130號對面
重陽公園,25.056200027,121.59915161,公園,2610,臺北市南港區重陽路120號旁交通資訊:公車中國電視公司站旁
理想公園,25.039869308,121.62158966,公園,2078,舊莊街一段145巷6弄28號交通資訊:公車舊莊國小站步行約3分鐘
瓶蓋印象公園,25.053719,121.606226,公園,1910,南港區興華路、市民大道口
港後公園,25.062749863,121.61537933,公園,1770,臺北市南港區經貿二路255巷交通資訊:公車南港軟體園區北站步行約3分鐘，或捷運南港展覽館站步行約15
湧聲公園,25.043279648,121.59275818,公園,1555,東新街170巷(自辦重劃區)
新勝公園,25.048849106,121.59316254,公園,2845,昆陽街152巷33號
新富公園,25.053030014,121.61695862,公園,795,研究院路一段65巷交通資訊:誠正國中公車站步行約3分鐘，或捷運南港展覽館站步行約10分鐘
新新公園,25.051391,121.588752,公園,25373,南港路三段109巷南側
萬福公園,25.04624939,121.58444977,公園,1964,忠孝東路六段70巷10號對面
經貿公園,25.062580109,121.61636353,公園,2632,臺北市南港區經園街66號前 交通資訊:公車南港軟體園區北站步行約3分鐘，或捷運南港展覽館站步行約15
福山公園,25.044700623,121.61785126,公園,3678,研究院路二段61巷1弄16號交通資訊：公車中研院站步行約3分鐘
興南公園,25.055120468,121.59739685,公園,1585,興南街與重陽路交叉口交通資訊:搭乘公車紅32605副線至興華路站步行約3分鐘即可到達搭乘捷運捷運至捷
興華公園,25.056770325,121.60478973,公園,724,興華路114巷交通資訊:公車興華路站步行約3分鐘，或捷運南港站、臺鐵南港站步行約15分鐘
錫口廊道,25.0510065705,121.5799313646,公園,4200,南港區南港路三段與八德路四段交界
聯成公園,25.046590805,121.58721924,公園,2383,忠孝東路六段250巷1弄
舊莊公園,25.041370392,121.62026978,公園,3346,舊莊街一段145巷12號前交通資訊:公車舊莊國小站步行約3分鐘
四分綠地B1,25.0362486047,121.6147741395,綠地,7207,南港區研究院路二段182巷58弄6-3號對面
四分綠地B2,25.0362857837,121.6147134971,綠地,7207,南港區研究院路二段182巷58弄6-3號對面
四分綠地D,25.0339495567,121.6124162133,綠地,7207,左至研究院路三段68巷北側右至凌雲街北側
成德綠地,25.046449661,121.58746338,綠地,1598,臺北市南港區東新街100號之1
東明綠地,25.054269791,121.60069275,綠地,2533,臺北市南港路二段72巷21弄
東新綠地,25.053590775,121.60244751,綠地,7450,臺北市南港區南港路二段104號
南深綠地,25.037929535,121.62316132,綠地,2197,臺北市南港區舊莊街一段231號旁
南港29號綠地,25.042390823,121.61723328,綠地,1138,臺北市南港區研究院路二段、舊莊街一段交叉路口
南港65號園區綠地,25.059030533,121.61421967,綠地,2972,臺北市南港區三重路21巷
新坡綠地,25.035610199,121.61775208,綠地,1055,臺北市南港區研究院路二段213巷2號前
新南綠地,25.051849365,121.60655212,綠地,4321,臺北市南港區忠孝東路七段398號
新陽綠地,25.056930542,121.60341644,綠地,5610,臺北市南港區興南街272巷3號對面
合心廣場,25.046609879,121.58345795,廣場,2041,臺北市南港區玉成街與忠孝東路六段交叉口
南港五號廣場,25.054069519,121.59980011,廣場,1900,臺北市南港區南港路二段以南，178巷對面
140高地,25.003580093,121.56960297,公園,56965,文山區萬寧街125號
久康公園,24.989349365,121.56458282,公園,1522,久康街39號
小坑1號公園,24.983379364,121.58522797,公園,3800,萬壽路旁，木柵二期重劃區內
文山(景美)49號公園,24.995889664,121.54785156,公園,340,景華街128巷3弄旁
文山木柵59號公園,24.98526001,121.58258057,公園,14600,台北市指南路二段225巷旁
文山森林公園,25.00435,121.548322,公園,110000,臺北市文山區福興路95巷
木南公園,24.986530304,121.57083893,公園,2498,木新路2段43巷1號旁
木柵公園,24.986949921,121.56046295,公園,40066,文山區興隆路4段50號
木新公園,24.982219696,121.5580368,公園,1071,木新路3段278巷7弄11號對面
木榮公園,24.984640121,121.56865692,公園,919,保儀路129號(景文高中後門邊)
水景公園,24.986980438,121.58683777,公園,6195,政大一街與政大二街間
仙岩公園,24.997970581,121.54936218,公園,6620,仙岩路16巷36號
光明公園,24.986469269,121.55471039,公園,980,下崙路與光輝路口
光輝公園,24.986120224,121.55583954,公園,2151,光輝路9-1號前
辛亥生態公園,25.003685,121.556764,公園,18037,辛亥路四段至興德路間
坡內坑公園,25.004970551,121.57655334,公園,3824,木柵路四段159巷內
忠順公園,24.983140945,121.56114197,公園,1113,興隆路4段96巷底
忠順萊茵公園,24.986780167,121.56536865,公園,2934,興隆路四段109巷旁
明義公園,24.988069534,121.56098175,公園,803,興隆路4段101巷口
芳寧公園,25.004529953,121.5632782,公園,567,和平東路四段與萬寧街交叉口
保儀公園,24.983539581,121.56346893,公園,2916,木新路3段50巷、70巷內
恆光公園,24.982410431,121.56758881,公園,1140,木新路2段211巷10弄8號前
原野運動公園,24.99712944,121.57137299,公園,8337,萬芳路木柵高工旁
博嘉公園,25.000450134,121.57353973,公園,1173,軍功路47巷55號之8旁
景仁公園,24.996669769,121.5401001,公園,1411,景仁街1巷16號
景行公園,24.992519379,121.54277802,公園,3309,景中街景美國中對面
景美公園(原萬慶公園),24.994020462,121.53759766,公園,16813,文山區育英街45巷旁
景美運動公園,25.002540588,121.54451752,公園,20547,文山區景豐街80號旁
景華公園,24.995189667,121.54379272,公園,16802,文山區景華街55號
景福公園,24.995679855,121.54032135,公園,349,溪口街36巷內
景豐公園,25.0001297,121.54505157,公園,3476,興隆路1段251號3弄
華興公園,24.989170074,121.55046844,公園,3308,試院路4巷內
順興公園綠地,24.986089706,121.56437683,公園,1820,興隆路四段109巷92弄旁
新榮公園,24.983329773,121.57022095,公園,2000,木新路2段111巷底
椰城公園,25.0063591,121.5687027,公園,2023,和平東路四段101巷6弄21號
萬年1號公園,25.005699158,121.53620148,公園,2949,汀州路4段122至146號對面
萬年2號公園,25.005699158,121.53620148,公園,2949,汀州路4段122至146號對面
萬年3號公園,25.007040024,121.53692627,公園,1842,汀州路4段105巷口
萬有1號公園,24.999830246,121.54295349,公園,3241,興隆路1段202巷
萬有2號公園,25.000709534,121.54190063,公園,4521,景明街11巷6弄8號前
萬有3號公園,24.998720169,121.54309845,公園,608,景隆街107號前
萬和1號公園,25.000490189,121.53632355,公園,1857,萬隆街1至71號對面
萬和2號公園,25.001489639,121.53653717,公園,2958,萬隆街72至80號對面
萬和3號公園,25.003810883,121.53633881,公園,5977,羅斯福路5段192巷33號至218巷2號對面
萬芳10號公園,25.001649857,121.56249237,公園,11120,文山區萬美街1段121號(往公訓中心方向)
萬芳11號公園,25.00304985,121.56307983,公園,10906,文山區萬美街2段2號
萬芳12號公園,25.001470566,121.56358337,公園,1694,萬利街30巷24至32號對面
萬芳13號公園,25.001729965,121.56539917,公園,1368,萬美街1段與萬樂街口
萬芳14號公園,25.000320435,121.56533051,公園,973,萬利街33號邊
萬芳1號公園,24.999860764,121.56672668,公園,1212,萬利街4號邊
萬芳2號公園,24.999200821,121.56677246,公園,355,萬芳路與萬利街口
萬芳3號公園,24.999250412,121.56710052,公園,1022,萬芳路與萬利街口
萬芳4號公園,25.00153923,121.56752777,公園,13476,文山區萬和街1號對面
萬芳6號公園,24.999500275,121.56918335,公園,3873,萬芳路與萬和街口
萬芳7號公園,25.001579285,121.56616211,公園,10727,文山區萬美街1段36號旁
萬芳8號公園,25.003009796,121.56046295,公園,5969,萬芳社區萬美街與興德路之間(公訓處前)
萬芳9號公園,25.001779556,121.56147766,公園,10551,文山區萬美街1段121號旁
萬盛公園,25.005149841,121.5410614,公園,1683,萬盛街130巷口
萬壽1號公園,24.987470627,121.58921814,公園,4709,萬壽路61巷旁，棲霞山莊旁
萬壽2號公園,24.987369537,121.58956146,公園,514,萬壽路61巷旁，棲霞山莊旁
萬壽3號公園,24.985420227,121.58608246,公園,761,萬壽路與政大一街間
萬興櫻花生態景觀公園,24.9915411,121.5731031,公園,1204,新光路一段66巷6弄
試院公園,24.987789154,121.5473175,公園,1480,木柵路1段89巷
福興公園,25.00399971,121.54815674,公園,2195,福興路63巷4號
樟林公園,24.984640121,121.55921173,公園,1140,忠順街1段121巷7弄12號前
樟新公園,24.979190826,121.55695343,公園,2294,一壽街49之3號
樟樹公園,24.982719421,121.55937195,公園,1035,忠順街1段26巷26弄口
樟興公園,24.980670929,121.55412292,公園,2797,木新路3段與辛亥路7段口
興旺公園,25.005840302,121.55046082,公園,2847,福興路82巷內
興家公園,24.994729996,121.56082153,公園,1611,興隆路三段207巷10弄旁
興泰公園,25.004810333,121.55548096,公園,32585,辛亥路四段166巷內
興隆公園,25.000139236,121.55108643,公園,14610,文山區仙岩路128號
興福公園,24.997119904,121.5459671,公園,2540,景華街121巷底
興德綠色步道,24.99477005,121.55953979,公園,3653,興隆路3段296號至304巷口(海巡署前)
興豐公園,25.000190735,121.55126953,公園,1659,興隆路2段123號旁
文山50號綠地,24.990789413,121.5750885,綠地,262,秀明路2段24巷
文山木柵60號綠地,25.000429153,121.58325195,綠地,1196,新光路2段與萬福橋旁，動物園公務門前方
木柵14號綠地,24.991630554,121.55152893,綠地,1043,懷恩隧道口南側出入口
木柵17號(秀明綠地),24.989030838,121.56481171,綠地,53,久康街木柵16號公園對面
木柵49號綠地,24.993080139,121.57366943,綠地,25,新光路1段185
指南綠地,24.983009338,121.57967377,綠地,4651,指南路3段24巷5號旁
軍功綠地,25.001279831,121.57267761,綠地,1735,和平東路4段295巷內
清溪綠地,24.985069275,121.58055115,綠地,2272,指南路二段225巷旁
景美29號綠地,24.996370316,121.55181885,綠地,1076,懷恩隧道口北側出入口
景美30號綠地,25.000749588,121.55519867,綠地,29,興隆路與興德路交叉口
景美32號綠地,25.009220123,121.55796051,綠地,1116,辛亥隧道口南側
萬利綠地,25.000289917,121.56475067,綠地,632,萬利街41巷旁
萬利綠地,25.000289917,121.56475067,綠地,632,萬利街41巷旁
